gmap_id,name,address,description,latitude,longitude,category,num_of_reviews
0X80C063E4Eba4487F0X2F895B50Bd80Adc8,Atm,Atm 601 Us395 Olancha Ca 93549,Sin Dato,36.2740269,-118.0027758,Atm,3
0X80C063E4Eba4487F0X2F895B50Bd80Adc8,Atm,Atm 601 Us395 Olancha Ca 93549,Sin Dato,36.2740269,-118.0027758,Atm,3
0X809Ac89E1021C28B0X6308C952B7A00869,Us Bank Atm,Us Bank Atm Elk Grove Ca 95758,Sin Dato,38.4240892,-121.4464248,Atm,1
0X809Ac89E1021C28B0X6308C952B7A00869,Us Bank Atm,Us Bank Atm Elk Grove Ca 95758,Sin Dato,38.4240892,-121.4464248,Atm,1
0X80Dca5F89F63B87F0X890Bbb982D6B6Fdd,Coinstar,Coinstar Moreno Valley Ca 92553,Sin Dato,33.9339773,-117.2750779,Atm,1
0X80Dca5F89F63B87F0X890Bbb982D6B6Fdd,Coinstar,Coinstar Moreno Valley Ca 92553,Sin Dato,33.9339773,-117.2750779,Atm,1
0X808F8Cb2767Dae850X13B7F91E0A8A6D7F,Wells Fargo Atm,Wells Fargo Atm Danville Ca 94526,Sin Dato,37.8151285,-121.9967612,Atm,1
0X808F8Cb2767Dae850X13B7F91E0A8A6D7F,Wells Fargo Atm,Wells Fargo Atm Danville Ca 94526,Sin Dato,37.8151285,-121.9967612,Atm,1
0X80945E1C1C41Dc750Xa242D4Cafe6448C9,Atm,Atm 2823 Fresno St Fresno Ca 93721,Sin Dato,36.7429722,-119.78422,Atm,2
0X80945E1C1C41Dc750Xa242D4Cafe6448C9,Atm,Atm 2823 Fresno St Fresno Ca 93721,Sin Dato,36.7429722,-119.78422,Atm,2
0X80Dcb735E8F94A5D0Xdd7561E2D4F741De,Atm Wells Fargo,Atm Wells Fargo Riverside Ca 92503,Sin Dato,33.9114864,-117.4605482,Atm,5
0X80Dcb735E8F94A5D0Xdd7561E2D4F741De,Atm Wells Fargo,Atm Wells Fargo Riverside Ca 92503,Sin Dato,33.9114864,-117.4605482,Atm,5
0X80C47C8F90863D350Xed4D10085328F70D,Atm,Atm 913 Barstow Rd Barstow Ca 92311,Sin Dato,34.8874916,-117.0221458,Atm,1
0X80C47C8F90863D350Xed4D10085328F70D,Atm,Atm 913 Barstow Rd Barstow Ca 92311,Sin Dato,34.8874916,-117.0221458,Atm,1
0X80Dd355Dda20D4B10X3E5B2B7B155Fab67,Atm,Atm 1000 W Carson St Torrance Ca 90502,Sin Dato,33.8305809,-118.2914287,Atm,2
0X80Dd355Dda20D4B10X3E5B2B7B155Fab67,Atm,Atm 1000 W Carson St Torrance Ca 90502,Sin Dato,33.8305809,-118.2914287,Atm,2
0X80C1C8C03C1666670X1E0Ef38146136824,Atm,Atm 14606 Ca178 Lake Isabella Ca 93240,Sin Dato,35.6415246,-118.3689308,Atm,1
0X80C1C8C03C1666670X1E0Ef38146136824,Atm,Atm 14606 Ca178 Lake Isabella Ca 93240,Sin Dato,35.6415246,-118.3689308,Atm,1
0X80Eab84483C275B70X40C58D3D31F5559A,Atm,Atm 11 W Olive Ave Porterville Ca 93257,Sin Dato,36.0648353,-119.016828,Atm,1
0X80Eab84483C275B70X40C58D3D31F5559A,Atm,Atm 11 W Olive Ave Porterville Ca 93257,Sin Dato,36.0648353,-119.016828,Atm,1
0X80C2Cb6E7Aa1821D0X757Cc182Ac2Ee581,Atm,Atm 123 E Artesia Blvd Compton Ca 90220,Sin Dato,33.8748146,-118.2203967,Atm,2
0X80C2Cb6E7Aa1821D0X757Cc182Ac2Ee581,Atm,Atm 123 E Artesia Blvd Compton Ca 90220,Sin Dato,33.8748146,-118.2203967,Atm,2
0X808F7E1B7B0Afd9D0Xdf2273Eebb926Fbf,Atm,Atm 3900 17Th St San Francisco Ca 94114,Sin Dato,37.7627408,-122.4332097,Atm,1
0X808F7E1B7B0Afd9D0Xdf2273Eebb926Fbf,Atm,Atm 3900 17Th St San Francisco Ca 94114,Sin Dato,37.7627408,-122.4332097,Atm,1
0X80Dd314917Adc1270X682A605C745F5Cc7,Atm,Atm 658 Magnolia Ave Long Beach Ca 90802,Sin Dato,33.7751463,-118.1978466,Atm,1
0X80Dd314917Adc1270X682A605C745F5Cc7,Atm,Atm 658 Magnolia Ave Long Beach Ca 90802,Sin Dato,33.7751463,-118.1978466,Atm,1
0X80D9513612F7D5A70Xbe69D7Ef02Ca639E,Empire Dispensary,Empire Dispensary Spring Valley Ca 91977,Sin Dato,32.7422193,-117.0025589,Atm,8
0X80D9513612F7D5A70Xbe69D7Ef02Ca639E,Empire Dispensary,Empire Dispensary Spring Valley Ca 91977,Sin Dato,32.7422193,-117.0025589,Atm,8
0X80C2Bf2358F873Af0X64024E5009Bd3231,Atm,Atm 6658 Hollywood Blvd Los Angeles Ca 90028,Sin Dato,34.1012971,-118.335328,Atm,1
0X80C2Bf2358F873Af0X64024E5009Bd3231,Atm,Atm 6658 Hollywood Blvd Los Angeles Ca 90028,Sin Dato,34.1012971,-118.335328,Atm,1
0X80D955168Dc74D7F0X2Efab1D5C77Ced90,Atm,Atm 8660 Rio San Diego Dr San Diego Ca 92108,Sin Dato,32.7753854,-117.1438775,Atm,2
0X80D955168Dc74D7F0X2Efab1D5C77Ced90,Atm,Atm 8660 Rio San Diego Dr San Diego Ca 92108,Sin Dato,32.7753854,-117.1438775,Atm,2
0X8085566D991049Cd0X7C0770E831A1E0Fd,Wells Fargo Atm,Wells Fargo Atm 2170 Main St Oakley Ca 94561,Sin Dato,38.0030467,-121.7317101,Atm,6
0X8085566D991049Cd0X7C0770E831A1E0Fd,Wells Fargo Atm,Wells Fargo Atm 2170 Main St Oakley Ca 94561,Sin Dato,38.0030467,-121.7317101,Atm,6
0X80Dcf46Dd2B6Ba510X40E7E5510E81B271,Atm,Atm 164 Avenida Del Mar San Clemente Ca 92672,Sin Dato,33.4265186,-117.6147417,Atm,1
0X80Dcf46Dd2B6Ba510X40E7E5510E81B271,Atm,Atm 164 Avenida Del Mar San Clemente Ca 92672,Sin Dato,33.4265186,-117.6147417,Atm,1
0X8084Ab600Eeb0Ee30Xbeb503261F585197,Chase Atm,Chase Atm 1054 Harter Pkwy Yuba City Ca 95993,Sin Dato,39.1419854,-121.6517558,Atm,2
0X8084Ab600Eeb0Ee30Xbeb503261F585197,Chase Atm,Chase Atm 1054 Harter Pkwy Yuba City Ca 95993,Sin Dato,39.1419854,-121.6517558,Atm,2
0X80C32F31169578C30X39742E875A7Bf87C,Chase Atm,Chase Atm 1115 W Arrow Hwy San Dimas Ca 91773,Sin Dato,34.1072242,-117.8295963,Atm,1
0X80C32F31169578C30X39742E875A7Bf87C,Chase Atm,Chase Atm 1115 W Arrow Hwy San Dimas Ca 91773,Sin Dato,34.1072242,-117.8295963,Atm,1
0X80Dcdf251Dd7Dbf50Xb65C1Bfccf636Ddb,Chase Atm,Chase Atm 3333 Bristol St Costa Mesa Ca 92626,Sin Dato,33.6909657,-117.8885854,Atm,1
0X80Dcdf251Dd7Dbf50Xb65C1Bfccf636Ddb,Chase Atm,Chase Atm 3333 Bristol St Costa Mesa Ca 92626,Sin Dato,33.6909657,-117.8885854,Atm,1
0X808E325E22Ee637B0X8F5Fced934B010A5,Citibank Atm,Citibank Atm 3110 Senter Rd San Jose Ca 95111,Sin Dato,37.2948158,-121.834138,Atm,1
0X808E325E22Ee637B0X8F5Fced934B010A5,Citibank Atm,Citibank Atm 3110 Senter Rd San Jose Ca 95111,Sin Dato,37.2948158,-121.834138,Atm,1
0X808580866F2467F30X5C4594661C246376,City Atm,City Atm 865 Market St San Francisco Ca 94103,Sin Dato,37.7845727,-122.4065707,Atm,1
0X808580866F2467F30X5C4594661C246376,City Atm,City Atm 865 Market St San Francisco Ca 94103,Sin Dato,37.7845727,-122.4065707,Atm,1
0X808Dff0512E413470X8B313633C954409B,Chase Atm,Chase Atm 101 Auto Center Cir Salinas Ca 93907,Sin Dato,36.7217264,-121.6640362,Atm,6
0X808Dff0512E413470X8B313633C954409B,Chase Atm,Chase Atm 101 Auto Center Cir Salinas Ca 93907,Sin Dato,36.7217264,-121.6640362,Atm,6
0X80Dcca35C38372C10X8839133A262A0E60,Us Bank Atm,Us Bank Atm 7070 Archibald Ave Corona Ca 92880,Sin Dato,33.9594199,-117.5917384,Atm,3
0X80Dcca35C38372C10X8839133A262A0E60,Us Bank Atm,Us Bank Atm 7070 Archibald Ave Corona Ca 92880,Sin Dato,33.9594199,-117.5917384,Atm,3
0X80C29740Fb4D1C170Xa16D52D3A9D5Df02,Chase Atm,Chase Atm 7108 Sepulveda Blvd Van Nuys Ca 91405,Sin Dato,34.1995619,-118.4652732,Atm,1
0X80C29740Fb4D1C170Xa16D52D3A9D5Df02,Chase Atm,Chase Atm 7108 Sepulveda Blvd Van Nuys Ca 91405,Sin Dato,34.1995619,-118.4652732,Atm,1
0X80C2C7Ca6C98B6A50X60477F4Af965C4D6,Chase Atm,Chase Atm 800 N Alameda St Los Angeles Ca 90012,Sin Dato,34.0561075,-118.2361336,Atm,4
0X80C2C7Ca6C98B6A50X60477F4Af965C4D6,Chase Atm,Chase Atm 800 N Alameda St Los Angeles Ca 90012,Sin Dato,34.0561075,-118.2361336,Atm,4
0X809B532Ac84Ce4Bd0X1E0C2F1D64Dd5C3,Citibank Atm,Citibank Atm 1020 Lincoln Rd Yuba City Ca 95991,Sin Dato,39.1123454,-121.6278593,Atm,1
0X809B532Ac84Ce4Bd0X1E0C2F1D64Dd5C3,Citibank Atm,Citibank Atm 1020 Lincoln Rd Yuba City Ca 95991,Sin Dato,39.1123454,-121.6278593,Atm,1
0X80C8C48691Ec2F170X12C2D5983F4C3E0C,Atm 7Eleven,Atm 7Eleven 1201 E Sahara Ave Las Vegas Nv 89104,Sin Dato,36.144611,-115.136594,Atm,4
0X80C8C48691Ec2F170X12C2D5983F4C3E0C,Atm 7Eleven,Atm 7Eleven 1201 E Sahara Ave Las Vegas Nv 89104,Sin Dato,36.144611,-115.136594,Atm,4
0X80C2Ce52E49B5F4D0Xbcc119Da59Adc7E,Wells Fargo Atm,Wells Fargo Atm 100 Citadel Dr Commerce Ca 90040,Sin Dato,34.0071187,-118.1536851,Atm,3
0X80C2Ce52E49B5F4D0Xbcc119Da59Adc7E,Wells Fargo Atm,Wells Fargo Atm 100 Citadel Dr Commerce Ca 90040,Sin Dato,34.0071187,-118.1536851,Atm,3
0X80Dd29979C70925B0X3A06D09F6F90C00C,Citibank Atm,Citibank Atm 103 N Brookhurst St Anaheim Ca 92801,Sin Dato,33.8328464,-117.9595212,Atm,1
0X80Dd29979C70925B0X3A06D09F6F90C00C,Citibank Atm,Citibank Atm 103 N Brookhurst St Anaheim Ca 92801,Sin Dato,33.8328464,-117.9595212,Atm,1
0X80C2B6Dc90951B8B0X4169Cc57E917C60B,Metabank,Metabank 5400 W Century Blvd Los Angeles Ca 90045,Sin Dato,33.94467,-118.374627,Atm,8
0X80C2B6Dc90951B8B0X4169Cc57E917C60B,Metabank,Metabank 5400 W Century Blvd Los Angeles Ca 90045,Sin Dato,33.94467,-118.374627,Atm,8
0X80Dc70908423Adcf0Xb3476E466Bc6Ba96,Atm 7Eleven,Atm 7Eleven 487 Vandegrift Blvd Oceanside Ca 92057,Convenience Chain Offering Grabgo Bites  Beverages Plus Assorted Newsstand Items,33.2547024,-117.2997151,Atm,3
0X80Dc70908423Adcf0Xb3476E466Bc6Ba96,Atm 7Eleven,Atm 7Eleven 487 Vandegrift Blvd Oceanside Ca 92057,Convenience Chain Offering Grabgo Bites  Beverages Plus Assorted Newsstand Items,33.2547024,-117.2997151,Atm,3
0X80C2C537739Ff5690X25B4Fd858D4E4Eb3,Citibank Atm,Citibank Atm 1200 S Garfield Ave Alhambra Ca 91801,Sin Dato,34.080409,-118.1225256,Atm,1
0X80C2C537739Ff5690X25B4Fd858D4E4Eb3,Citibank Atm,Citibank Atm 1200 S Garfield Ave Alhambra Ca 91801,Sin Dato,34.080409,-118.1225256,Atm,1
0X80C2C7E7F566F4710X5E77Bc60B4042899,Citibank Atm,Citibank Atm 3615 Vermont Ave Los Angeles Ca 90007,Sin Dato,34.022527,-118.292242,Atm,7
0X80C2C7E7F566F4710X5E77Bc60B4042899,Citibank Atm,Citibank Atm 3615 Vermont Ave Los Angeles Ca 90007,Sin Dato,34.022527,-118.292242,Atm,7
0X80C2D0B454468Bf90X8Ce2Cfb7A4D8Ca7C,Atm Wells Fargo Bank,Atm Wells Fargo Bank 3534 Peck Rd El Monte Ca 91731,Sin Dato,34.0695081,-118.021927,Atm,2
0X80C2D0B454468Bf90X8Ce2Cfb7A4D8Ca7C,Atm Wells Fargo Bank,Atm Wells Fargo Bank 3534 Peck Rd El Monte Ca 91731,Sin Dato,34.0695081,-118.021927,Atm,2
0X80C2D8764E7Ed8430Xaf5Bec72Ba370B03,Wells Fargo Atm,Wells Fargo Atm 1250 W Foothill Blvd Azusa Ca 91702,Sin Dato,34.1332744,-117.9268845,Atm,1
0X80C2D8764E7Ed8430Xaf5Bec72Ba370B03,Wells Fargo Atm,Wells Fargo Atm 1250 W Foothill Blvd Azusa Ca 91702,Sin Dato,34.1332744,-117.9268845,Atm,1
0X80C8Da8F480499Bb0Xa36Ce17628Edcaff,Atm Circle K,Atm Circle K 5485 E Tropicana Ave Las Vegas Nv 89122,Sin Dato,36.1000626,-115.0532203,Atm,1
0X80C8Da8F480499Bb0Xa36Ce17628Edcaff,Atm Circle K,Atm Circle K 5485 E Tropicana Ave Las Vegas Nv 89122,Sin Dato,36.1000626,-115.0532203,Atm,1
0X80C2C1349D4252E50X9537Ed3Ea13Bee0,Bank Of America Atm,Bank Of America Atm 157 Caruso Ave Glendale Ca 91210,Sin Dato,34.1433235,-118.25538,Atm,3
0X80C2C1349D4252E50X9537Ed3Ea13Bee0,Bank Of America Atm,Bank Of America Atm 157 Caruso Ave Glendale Ca 91210,Sin Dato,34.1433235,-118.25538,Atm,3
0X8085566Da3Fe5B630X38D4E50653Bb6F2,Bank Of The West  Atm,Bank Of The West  Atm 2195 Main St D Oakley Ca 94561,Sin Dato,38.0024315,-121.7326835,Atm,2
0X8085566Da3Fe5B630X38D4E50653Bb6F2,Bank Of The West  Atm,Bank Of The West  Atm 2195 Main St D Oakley Ca 94561,Sin Dato,38.0024315,-121.7326835,Atm,2
0X808561C1Ef9B3E790X5Db19De07C55733B,Capital One Atm,Capital One Atm 1139 S Main St Walnut Creek Ca 94596,Sin Dato,37.8969259,-122.0602586,Atm,5
0X808561C1Ef9B3E790X5Db19De07C55733B,Capital One Atm,Capital One Atm 1139 S Main St Walnut Creek Ca 94596,Sin Dato,37.8969259,-122.0602586,Atm,5
0X80C2Ba3Ef8B720830X2527A61E40F3250A,Chase Atm,Chase Atm 11181 Washington Blvd Culver City Ca 90232,Sin Dato,34.0076592,-118.4129167,Atm,4
0X80C2Ba3Ef8B720830X2527A61E40F3250A,Chase Atm,Chase Atm 11181 Washington Blvd Culver City Ca 90232,Sin Dato,34.0076592,-118.4129167,Atm,4
0X80C2Ce1Eeda962430Xe8748Bade2Df897B,Citibank Atm,Citibank Atm 733 Washington Blvd Montebello Ca 90640,Sin Dato,33.9934303,-118.116267,Atm,2
0X80C2Ce1Eeda962430Xe8748Bade2Df897B,Citibank Atm,Citibank Atm 733 Washington Blvd Montebello Ca 90640,Sin Dato,33.9934303,-118.116267,Atm,2
0X808Fa21Bb4Ab26330X9Be30099Cfb44439,Comerica Bank  Atm,Comerica Bank  Atm 644 Laurel St San Carlos Ca 94070,Sin Dato,37.5056065,-122.2605368,Atm,1
0X808Fa21Bb4Ab26330X9Be30099Cfb44439,Comerica Bank  Atm,Comerica Bank  Atm 644 Laurel St San Carlos Ca 94070,Sin Dato,37.5056065,-122.2605368,Atm,1
0X808F8Caa24D863850Xfcd9Ce812870A097,Bank Of The West  Atm,Bank Of The West  Atm 307 Diablo Rd Danville Ca 94526,Sin Dato,37.8227406,-121.997729,Atm,1
0X808F8Caa24D863850Xfcd9Ce812870A097,Bank Of The West  Atm,Bank Of The West  Atm 307 Diablo Rd Danville Ca 94526,Sin Dato,37.8227406,-121.997729,Atm,1
0X80C2C79Ba11555550Xaa77D1094Ad90F88,Wells Fargo Atm,Wells Fargo Atm 1091 S Hoover St Los Angeles Ca 90006,Sin Dato,34.0511115,-118.2845459,Atm,1
0X80C2C79Ba11555550Xaa77D1094Ad90F88,Wells Fargo Atm,Wells Fargo Atm 1091 S Hoover St Los Angeles Ca 90006,Sin Dato,34.0511115,-118.2845459,Atm,1
0X80Ce43Ab9258Cbab0Xd2Cba74B14644315,Bank Of America Atm,Bank Of America Atm 1955 S Casino Dr Laughlin Nv 89029,Sin Dato,35.162043,-114.5759326,Atm,7
0X80Ce43Ab9258Cbab0Xd2Cba74B14644315,Bank Of America Atm,Bank Of America Atm 1955 S Casino Dr Laughlin Nv 89029,Sin Dato,35.162043,-114.5759326,Atm,7
0X80Dd324D7846Dc7F0Xf3F7Dbad4B3F80Dc,Bank Of America Atm,Bank Of America Atm 3201 E Carson St Lakewood Ca 90712,Sin Dato,33.8326223,-118.1559315,Atm,4
0X80Dd324D7846Dc7F0Xf3F7Dbad4B3F80Dc,Bank Of America Atm,Bank Of America Atm 3201 E Carson St Lakewood Ca 90712,Sin Dato,33.8326223,-118.1559315,Atm,4
0X80Ea6A75Fde700D10Xf038E8B541497A42,Bank Of America Atm,Bank Of America Atm 3800 Ming Ave Bakersfield Ca 93309,Sin Dato,35.3398456,-119.0458563,Atm,3
0X80Ea6A75Fde700D10Xf038E8B541497A42,Bank Of America Atm,Bank Of America Atm 3800 Ming Ave Bakersfield Ca 93309,Sin Dato,35.3398456,-119.0458563,Atm,3
0X80C8Ebf3D5E5Bfd50X1947D6Bb66352B32,Cardtronics Atm,Cardtronics Atm 6555 N Decatur Blvd Las Vegas Nv 89131,Sin Dato,36.278941,-115.209434,Atm,1
0X80C8Ebf3D5E5Bfd50X1947D6Bb66352B32,Cardtronics Atm,Cardtronics Atm 6555 N Decatur Blvd Las Vegas Nv 89131,Sin Dato,36.278941,-115.209434,Atm,1
0X80C2Bbfed0C3A98D0X6393938C6E75Be10,Citibank Atm,Citibank Atm 9401 Wilshire Blvd Beverly Hills Ca 90212,Sin Dato,34.067305,-118.398179,Atm,1
0X80C2Bbfed0C3A98D0X6393938C6E75Be10,Citibank Atm,Citibank Atm 9401 Wilshire Blvd Beverly Hills Ca 90212,Sin Dato,34.067305,-118.398179,Atm,1
0X80Ec6C7E6Db129050X4722Bc7Ced622F31,Atm Wells Fargo Bank,Atm Wells Fargo Bank 407 E Main St Santa Maria Ca 93454,Sin Dato,34.9534095,-120.4309757,Atm,3
0X80Ec6C7E6Db129050X4722Bc7Ced622F31,Atm Wells Fargo Bank,Atm Wells Fargo Bank 407 E Main St Santa Maria Ca 93454,Sin Dato,34.9534095,-120.4309757,Atm,3
0X80D953C0D67F57850X20A9F9Abed953D7C,Bank Of America Atm,Bank Of America Atm 263 13 Market Pl San Diego Ca 92113,Sin Dato,32.709746,-117.1678339,Atm,8
0X80D953C0D67F57850X20A9F9Abed953D7C,Bank Of America Atm,Bank Of America Atm 263 13 Market Pl San Diego Ca 92113,Sin Dato,32.709746,-117.1678339,Atm,8
0X80C2Be3Fe72B5Ee10Xa994A5D0Ccb9E2E3,Wells Fargo Atm,Wells Fargo Atm 10981 Ventura Blvd Studio City Ca 91604,Sin Dato,34.14004,-118.3686031,Atm,4
0X80C2Be3Fe72B5Ee10Xa994A5D0Ccb9E2E3,Wells Fargo Atm,Wells Fargo Atm 10981 Ventura Blvd Studio City Ca 91604,Sin Dato,34.14004,-118.3686031,Atm,4
0X80C2955Aa439Ca030X47D296Ed1C319E0,Bank Of America Atm,Bank Of America Atm 201 E Magnolia Blvd Burbank Ca 91502,Sin Dato,34.1833774,-118.3124048,Atm,7
0X80C2955Aa439Ca030X47D296Ed1C319E0,Bank Of America Atm,Bank Of America Atm 201 E Magnolia Blvd Burbank Ca 91502,Sin Dato,34.1833774,-118.3124048,Atm,7
0X80Dbf0D27Ad987890X418870A576F3E004,Citibank Atm,Citibank Atm 16703 Bernardo Center Dr San Diego Ca 92128,Sin Dato,33.0169205,-117.0751456,Atm,1
0X80Dbf0D27Ad987890X418870A576F3E004,Citibank Atm,Citibank Atm 16703 Bernardo Center Dr San Diego Ca 92128,Sin Dato,33.0169205,-117.0751456,Atm,1
0X808F8Cb379E6A1630X37Aa539E67A3Cce9,Citibank Atm,Citibank Atm 617 San Ramon Valley Blvd Danville Ca 94526,Sin Dato,37.8141474,-121.9965261,Atm,1
0X808F8Cb379E6A1630X37Aa539E67A3Cce9,Citibank Atm,Citibank Atm 617 San Ramon Valley Blvd Danville Ca 94526,Sin Dato,37.8141474,-121.9965261,Atm,1
0X80C2C7871307F2A50X76A3E34A7F5Aa968,Flores Thrifty Store,Flores Thrifty Store 1262 Fedora St Los Angeles Ca 90006,Sin Dato,34.0475986,-118.2977936,Atm,1
0X80C2C7871307F2A50X76A3E34A7F5Aa968,Flores Thrifty Store,Flores Thrifty Store 1262 Fedora St Los Angeles Ca 90006,Sin Dato,34.0475986,-118.2977936,Atm,1
0X80Dd28Aff8D890B30Xbb190Dbf8E88E888,711 Citibank Atm,711 Citibank Atm 13450 Goldenwest St Westminster Ca 92683,Sin Dato,33.766839,-118.0070351,Atm,1
0X80Dd28Aff8D890B30Xbb190Dbf8E88E888,711 Citibank Atm,711 Citibank Atm 13450 Goldenwest St Westminster Ca 92683,Sin Dato,33.766839,-118.0070351,Atm,1
0X808Fb7166Abe53E70Xea78Dc98D3E66023,Atm Rotten Robbie,Atm Rotten Robbie 310 N Whisman Rd Mountain View Ca 94043,Sin Dato,37.3974965,-122.0599226,Atm,1
0X808Fb7166Abe53E70Xea78Dc98D3E66023,Atm Rotten Robbie,Atm Rotten Robbie 310 N Whisman Rd Mountain View Ca 94043,Sin Dato,37.3974965,-122.0599226,Atm,1
0X80Ec6C9E001F62190Xe0960Ab570A3D3Ef,Atm Wells Fargo Bank,Atm Wells Fargo Bank 1450 S Broadway Santa Maria Ca 93454,Sin Dato,34.9357252,-120.4356346,Atm,3
0X80Ec6C9E001F62190Xe0960Ab570A3D3Ef,Atm Wells Fargo Bank,Atm Wells Fargo Bank 1450 S Broadway Santa Maria Ca 93454,Sin Dato,34.9357252,-120.4356346,Atm,3
0X808Fb732C26B6Bcb0X9F6770E1Caea97Ae,Atm Wells Fargo Bank,Atm Wells Fargo Bank 599 Castro St Mountain View Ca 94041,Sin Dato,37.388657,-122.0819661,Atm,4
0X808Fb732C26B6Bcb0X9F6770E1Caea97Ae,Atm Wells Fargo Bank,Atm Wells Fargo Bank 599 Castro St Mountain View Ca 94041,Sin Dato,37.388657,-122.0819661,Atm,4
0X80D954157C27E5C70Xaac199Bfa7E946Bf,Bank Of America Atm,Bank Of America Atm 4373 University Ave San Diego Ca 92105,Sin Dato,32.7494513,-117.1000818,Atm,3
0X80D954157C27E5C70Xaac199Bfa7E946Bf,Bank Of America Atm,Bank Of America Atm 4373 University Ave San Diego Ca 92105,Sin Dato,32.7494513,-117.1000818,Atm,3
0X80C8Ebe98A0Bcb830Xdaadd5A9593Acf73,Bank Of America Atm,Bank Of America Atm 6592 N Decatur Blvd Las Vegas Nv 89131,Sin Dato,36.2788607,-115.2060666,Atm,5
0X80C8Ebe98A0Bcb830Xdaadd5A9593Acf73,Bank Of America Atm,Bank Of America Atm 6592 N Decatur Blvd Las Vegas Nv 89131,Sin Dato,36.2788607,-115.2060666,Atm,5
0X80C2Bf20F6Fc9Fa50X1063B23E8A0F0C64,Bank Of America Atm,Bank Of America Atm 6801 Hollywood Blvd Hollywood Ca 90028,Sin Dato,34.1027552,-118.3404067,Atm,8
0X80C2Bf20F6Fc9Fa50X1063B23E8A0F0C64,Bank Of America Atm,Bank Of America Atm 6801 Hollywood Blvd Hollywood Ca 90028,Sin Dato,34.1027552,-118.3404067,Atm,8
0X809B2798Fc0E9B6D0X68E98E6B9E70872A,Bank Of America Atm,Bank Of America Atm 7465 Watt Ave North Highlands Ca 95660,Sin Dato,38.7018954,-121.3839,Atm,4
0X809B2798Fc0E9B6D0X68E98E6B9E70872A,Bank Of America Atm,Bank Of America Atm 7465 Watt Ave North Highlands Ca 95660,Sin Dato,38.7018954,-121.3839,Atm,4
0X80C29Bf02F41A5010X3F4Fa8D874C7A512,Bitcoin Atm By Zzbit,Bitcoin Atm By Zzbit 16958 Nordhoff St North Hills Ca 91343,Sin Dato,34.2353635,-118.5021419,Atm,1
0X80C29Bf02F41A5010X3F4Fa8D874C7A512,Bitcoin Atm By Zzbit,Bitcoin Atm By Zzbit 16958 Nordhoff St North Hills Ca 91343,Sin Dato,34.2353635,-118.5021419,Atm,1
0X80Db21F6Fe0A479F0Xa5F29210Db7A1Aa1,Citibank Atm,Citibank Atm 65971 Pierson Blvd Desert Hot Springs Ca 92240,Sin Dato,33.9610202,-116.51044,Atm,2
0X80Db21F6Fe0A479F0Xa5F29210Db7A1Aa1,Citibank Atm,Citibank Atm 65971 Pierson Blvd Desert Hot Springs Ca 92240,Sin Dato,33.9610202,-116.51044,Atm,2
0X80Dcd507C9A12Fcf0X53D4219Dbd80F057,Bank Of The West  Atm,Bank Of The West  Atm 311 S State College Blvd Brea Ca 92821,Sin Dato,33.9115568,-117.8884787,Atm,2
0X80Dcd507C9A12Fcf0X53D4219Dbd80F057,Bank Of The West  Atm,Bank Of The West  Atm 311 S State College Blvd Brea Ca 92821,Sin Dato,33.9115568,-117.8884787,Atm,2
0X80Dcd7761B29B9E90X9B3872B8061Dfb62,National Bitcoin Atm,National Bitcoin Atm 2626 E Katella Ave 100 Anaheim Ca 92806,Sin Dato,33.8033553,-117.877485,Atm,7
0X80Dcd7761B29B9E90X9B3872B8061Dfb62,National Bitcoin Atm,National Bitcoin Atm 2626 E Katella Ave 100 Anaheim Ca 92806,Sin Dato,33.8033553,-117.877485,Atm,7
0X80D95239802A01770Xc25D43Dee6A1A35B,Atm Wells Fargo Bank,Atm Wells Fargo Bank 1199 Highland Ave National City Ca 91950,Sin Dato,32.6748037,-117.0971274,Atm,3
0X80D95239802A01770Xc25D43Dee6A1A35B,Atm Wells Fargo Bank,Atm Wells Fargo Bank 1199 Highland Ave National City Ca 91950,Sin Dato,32.6748037,-117.0971274,Atm,3
0X80Dbf4D121Bcea610X5C94685C96Fe7024,Bank Of America Atm,Bank Of America Atm 730 Nordahl Rd Ste105 San Marcos Ca 92069,Sin Dato,33.1341998,-117.1192536,Atm,3
0X80Dbf4D121Bcea610X5C94685C96Fe7024,Bank Of America Atm,Bank Of America Atm 730 Nordahl Rd Ste105 San Marcos Ca 92069,Sin Dato,33.1341998,-117.1192536,Atm,3
0X80C2C80A1Ac281470X988Efb1Fc8De4396,Usc Credit Union Atm,California Los Angeles Usc Credit Union Atm邮政编码 90007,Sin Dato,34.0168627,-118.2812927,Atm,2
0X80C2C80A1Ac281470X988Efb1Fc8De4396,Usc Credit Union Atm,California Los Angeles Usc Credit Union Atm邮政编码 90007,Sin Dato,34.0168627,-118.2812927,Atm,2
0X80945F2C0B59247F0X897B4A960093B08C,Noble Credit Union Atm,Noble Credit Union Atm 5596 E Kings Canyon Rd Fresno Ca 93727,Sin Dato,36.7354718,-119.7004236,Atm,6
0X80945F2C0B59247F0X897B4A960093B08C,Noble Credit Union Atm,Noble Credit Union Atm 5596 E Kings Canyon Rd Fresno Ca 93727,Sin Dato,36.7354718,-119.7004236,Atm,6
0X8099469Fb33132990Xcd05Dee32F89Cb42,Us Bank Atm  Mcqueen Crossing,Us Bank Atm  Mcqueen Crossing 5910 Mae Anne Ave Reno Nv 89523,Sin Dato,39.5292439,-119.8796672,Atm,4
0X8099469Fb33132990Xcd05Dee32F89Cb42,Us Bank Atm  Mcqueen Crossing,Us Bank Atm  Mcqueen Crossing 5910 Mae Anne Ave Reno Nv 89523,Sin Dato,39.5292439,-119.8796672,Atm,4
0X808580645C06F5Db0X676Ff2Af85625102,Wells Fargo Bank,Wells Fargo Bank 101 Mission St Ste 100 San Francisco Ca 94105,Sin Dato,37.7923306,-122.3940444,Atm,5
0X808580645C06F5Db0X676Ff2Af85625102,Wells Fargo Bank,Wells Fargo Bank 101 Mission St Ste 100 San Francisco Ca 94105,Sin Dato,37.7923306,-122.3940444,Atm,5
0X80Ecf17Adc955Bf50Xb3867A7C4F7Ab6E9,Bank Of America Atm,Bank Of America Atm 171 N Santa Rosa St San Luis Obispo Ca 93405,Sin Dato,35.2949461,-120.6692247,Atm,1
0X80Ecf17Adc955Bf50Xb3867A7C4F7Ab6E9,Bank Of America Atm,Bank Of America Atm 171 N Santa Rosa St San Luis Obispo Ca 93405,Sin Dato,35.2949461,-120.6692247,Atm,1
0X80Dc71D4406Db3570X742Da39A1054C6Ea,Bank Of America Atm Drivethru,Bank Of America Atm Drivethru 3756 Mission Ave Oceanside Ca 92058,Sin Dato,33.2259891,-117.3316692,Atm,1
0X80Dc71D4406Db3570X742Da39A1054C6Ea,Bank Of America Atm Drivethru,Bank Of America Atm Drivethru 3756 Mission Ave Oceanside Ca 92058,Sin Dato,33.2259891,-117.3316692,Atm,1
0X80C1Cfdc7Ea77A650Xa1A04172854C4E79,Atm Wells Fargo Bank,Atm Wells Fargo Bank 5610 Lake Isabella Blvd Lake Isabella Ca 93240,Sin Dato,35.6178784,-118.4760602,Atm,3
0X80C1Cfdc7Ea77A650Xa1A04172854C4E79,Atm Wells Fargo Bank,Atm Wells Fargo Bank 5610 Lake Isabella Blvd Lake Isabella Ca 93240,Sin Dato,35.6178784,-118.4760602,Atm,3
0X80Dcb1037Dbe57150X1C912647A37Abf8F,Bank Of America Atm Drivethru,Bank Of America Atm Drivethru 5295 Arlington Ave Riverside Ca 92504,Sin Dato,33.9465251,-117.4180616,Atm,4
0X80Dcb1037Dbe57150X1C912647A37Abf8F,Bank Of America Atm Drivethru,Bank Of America Atm Drivethru 5295 Arlington Ave Riverside Ca 92504,Sin Dato,33.9465251,-117.4180616,Atm,4
0X80Dc0D83D4897A650Xa69A3359671798Aa,Bank Of America Atm Drivethru,Bank Of America Atm Drivethru 7700 El Camino Real Carlsbad Ca 92009,Sin Dato,33.0851173,-117.2681119,Atm,3
0X80Dc0D83D4897A650Xa69A3359671798Aa,Bank Of America Atm Drivethru,Bank Of America Atm Drivethru 7700 El Camino Real Carlsbad Ca 92009,Sin Dato,33.0851173,-117.2681119,Atm,3
0X80Cddd18A28713410X436De5A5E54C7D44,Bank Of America Atm Drivethru,Bank Of America Atm Drivethru 2307 Stockton Hill Rd Kingman Az 86401,Sin Dato,35.2078317,-114.0350956,Atm,7
0X80Cddd18A28713410X436De5A5E54C7D44,Bank Of America Atm Drivethru,Bank Of America Atm Drivethru 2307 Stockton Hill Rd Kingman Az 86401,Sin Dato,35.2078317,-114.0350956,Atm,7
0X80Dafdbcb02E4A830X46888E663F723Fd8,Bank Of America Atm,Bank Of America Atm 40101 Monterey Ave Unit G6 Rancho Mirage Ca 92270,Sin Dato,33.7565842,-116.3924612,Atm,1
0X80Dafdbcb02E4A830X46888E663F723Fd8,Bank Of America Atm,Bank Of America Atm 40101 Monterey Ave Unit G6 Rancho Mirage Ca 92270,Sin Dato,33.7565842,-116.3924612,Atm,1
0X80Dccd37899C6B2B0Xbbc1919B4Ffd2C1,Wells Fargo Bank,Wells Fargo Bank 4200 Chino Hills Pkwy Suite 450 Chino Hills Ca 91709,Sin Dato,33.9844766,-117.7148543,Atm,17
0X80Dccd37899C6B2B0Xbbc1919B4Ffd2C1,Wells Fargo Bank,Wells Fargo Bank 4200 Chino Hills Pkwy Suite 450 Chino Hills Ca 91709,Sin Dato,33.9844766,-117.7148543,Atm,17
0X808F7B5E0E3F247F0Xffabd77502217E24,Tri Counties Bank Atm,Tri Counties Bank Atm 1450 Linda Mar Shopping Center Pacifica Ca 94044,Sin Dato,37.5940831,-122.5023765,Atm,1
0X808F7B5E0E3F247F0Xffabd77502217E24,Tri Counties Bank Atm,Tri Counties Bank Atm 1450 Linda Mar Shopping Center Pacifica Ca 94044,Sin Dato,37.5940831,-122.5023765,Atm,1
0X80Dc7Ebad08852E30X57Dbcc607Eebfa3,Us Bank Atm  Fallbrook  Albertsons,Us Bank Atm  Fallbrook  Albertsons 1133 S Mission Rd Fallbrook Ca 92028,Sin Dato,33.3716497,-117.2561477,Atm,3
0X80Dc7Ebad08852E30X57Dbcc607Eebfa3,Us Bank Atm  Fallbrook  Albertsons,Us Bank Atm  Fallbrook  Albertsons 1133 S Mission Rd Fallbrook Ca 92028,Sin Dato,33.3716497,-117.2561477,Atm,3
0X80C8Dd75919C5B7D0X1B70Bd7339Eab1A4,Atm One Nevada Credit Union,Atm One Nevada Credit Union 5871 Fitzgerald Blvd Blgd 554 Nellis Afb Nv 89191,Sin Dato,36.2416801,-115.0445965,Atm,4
0X80C8Dd75919C5B7D0X1B70Bd7339Eab1A4,Atm One Nevada Credit Union,Atm One Nevada Credit Union 5871 Fitzgerald Blvd Blgd 554 Nellis Afb Nv 89191,Sin Dato,36.2416801,-115.0445965,Atm,4
0X809Bd9Ec86Ec3Ec30Xc637F835A45Bc65A,The Slot Bar,The Slot Bar Olympic Valley Ca 96146,Sin Dato,39.1966537,-120.2351517,Bar,8
0X809Bd9Ec86Ec3Ec30Xc637F835A45Bc65A,The Slot Bar,The Slot Bar Olympic Valley Ca 96146,Sin Dato,39.1966537,-120.2351517,Bar,8
0X809043474865419D0X23058F0464A656F,Olde Towne,Olde Towne 15040 Ca120 Ripon Ca 95366,Sin Dato,37.7975698,-121.1247435,Bar,44
0X809043474865419D0X23058F0464A656F,Olde Towne,Olde Towne 15040 Ca120 Ripon Ca 95366,Sin Dato,37.7975698,-121.1247435,Bar,44
0X80C8C43B1711Aadd0Xe6E3B4C185486Ae0,Seven Stars Lounge,Seven Stars Lounge Las Vegas Nv 89109,Sin Dato,36.1156374,-115.1753338,Bar,2
0X80C8C43B1711Aadd0Xe6E3B4C185486Ae0,Seven Stars Lounge,Seven Stars Lounge Las Vegas Nv 89109,Sin Dato,36.1156374,-115.1753338,Bar,2
0X80Dd34953Bfeb7Bf0Xcd2346B9F421Ad32,Budweiser,Budweiser Sommerset Ln Carson Ca 90810,Sin Dato,33.8445148,-118.2281921,Bar,1
0X80Dd34953Bfeb7Bf0Xcd2346B9F421Ad32,Budweiser,Budweiser Sommerset Ln Carson Ca 90810,Sin Dato,33.8445148,-118.2281921,Bar,1
0X80B1Aca517A984010X12Fc59E43Bce7B6F,Club Rio,Club Rio 735 E Aultman St Ely Nv 89301,Sin Dato,39.2482229,-114.890273,Bar,37
0X80B1Aca517A984010X12Fc59E43Bce7B6F,Club Rio,Club Rio 735 E Aultman St Ely Nv 89301,Sin Dato,39.2482229,-114.890273,Bar,37
0X8094674E7Caef74F0Xafdf2D6Cc4682E81,Splash Video Dance Bar,Splash Video Dance Bar Fresno Ca 93728,Sin Dato,36.7575331,-119.8030621,Bar,8
0X8094674E7Caef74F0Xafdf2D6Cc4682E81,Splash Video Dance Bar,Splash Video Dance Bar Fresno Ca 93728,Sin Dato,36.7575331,-119.8030621,Bar,8
0X80Dcacd96814C06F0X12F101B997Dfeffd,Pillos Bar,Pillos Bar Virginia Ave Colton Ca 92324,Sin Dato,34.0767737,-117.3094496,Bar,14
0X80Dcacd96814C06F0X12F101B997Dfeffd,Pillos Bar,Pillos Bar Virginia Ave Colton Ca 92324,Sin Dato,34.0767737,-117.3094496,Bar,14
0X80C4605F4Dab1D190X1281018Cdf158200,Lees Tavern,Lees Tavern 481 W Yermo Rd Yermo Ca 92398,Sin Dato,34.9036781,-116.8260236,Bar,18
0X80C4605F4Dab1D190X1281018Cdf158200,Lees Tavern,Lees Tavern 481 W Yermo Rd Yermo Ca 92398,Sin Dato,34.9036781,-116.8260236,Bar,18
0X80Bd60F5Dc59B9Cd0X48E445C4611B91Af,American Legion,American Legion 721 E St Hawthorne Nv 89415,Sin Dato,38.5280178,-118.6248966,Bar,8
0X80Bd60F5Dc59B9Cd0X48E445C4611B91Af,American Legion,American Legion 721 E St Hawthorne Nv 89415,Sin Dato,38.5280178,-118.6248966,Bar,8
0X8096B3A403A62F730X79E38D6Cadcdb9De,Tap Room,Tap Room 2534 Ca140 Catheys Valley Ca 95306,Sin Dato,37.4251688,-120.1064127,Bar,8
0X8096B3A403A62F730X79E38D6Cadcdb9De,Tap Room,Tap Room 2534 Ca140 Catheys Valley Ca 95306,Sin Dato,37.4251688,-120.1064127,Bar,8
0X809940A763D403450Xd85341882D787452,Floyds Fireside,Floyds Fireside 698 Kietzke Ln Reno Nv 89502,Sin Dato,39.5210893,-119.7889046,Bar,73
0X809940A763D403450Xd85341882D787452,Floyds Fireside,Floyds Fireside 698 Kietzke Ln Reno Nv 89502,Sin Dato,39.5210893,-119.7889046,Bar,73
0X8083E847Fd12Df7B0Xb667Ec7135400E34,Leaky Tiki,Leaky Tiki 2535 Lakeshore Blvd Nice Ca 95464,Sin Dato,39.1215322,-122.8649991,Bar,28
0X8083E847Fd12Df7B0Xb667Ec7135400E34,Leaky Tiki,Leaky Tiki 2535 Lakeshore Blvd Nice Ca 95464,Sin Dato,39.1215322,-122.8649991,Bar,28
0X80917Ee1B9219B270X8832143Bd0F9A312,Tonys Rendezvous,Tonys Rendezvous 536 I St Los Banos Ca 93635,Sin Dato,37.0613939,-120.8484109,Bar,48
0X80917Ee1B9219B270X8832143Bd0F9A312,Tonys Rendezvous,Tonys Rendezvous 536 I St Los Banos Ca 93635,Sin Dato,37.0613939,-120.8484109,Bar,48
0X80Dd2896E7907Fc70Xdc373D92E35Aaa92,Bng Karaoke,Bng Karaoke 12860 Beach Blvd Stanton Ca 90680,Sin Dato,33.7741926,-117.990851,Bar,8
0X80Dd2896E7907Fc70Xdc373D92E35Aaa92,Bng Karaoke,Bng Karaoke 12860 Beach Blvd Stanton Ca 90680,Sin Dato,33.7741926,-117.990851,Bar,8
0X8090061824348Fdf0X9B2Ec13917411Fb7,Lost Isle,Lost Isle 11050 Acker Island Stockton Ca 95219,Sin Dato,37.9978163,-121.4494969,Bar,8
0X8090061824348Fdf0X9B2Ec13917411Fb7,Lost Isle,Lost Isle 11050 Acker Island Stockton Ca 95219,Sin Dato,37.9978163,-121.4494969,Bar,8
0X80C8C44D722E20C70Xa35812Bb7E18Ffc9,Midway Bar,Midway Bar 4455 Paradise Rd Las Vegas Nv 89169,Sin Dato,36.1088578,-115.1545123,Bar,2
0X80C8C44D722E20C70Xa35812Bb7E18Ffc9,Midway Bar,Midway Bar 4455 Paradise Rd Las Vegas Nv 89169,Sin Dato,36.1088578,-115.1545123,Bar,2
0X80C639De12300Bcf0Xac03859E4Ad307Bd,The Office Bar,The Office Bar 1301 S Loop Rd Pahrump Nv 89048,Sin Dato,36.2007153,-115.9716096,Bar,18
0X80C639De12300Bcf0Xac03859E4Ad307Bd,The Office Bar,The Office Bar 1301 S Loop Rd Pahrump Nv 89048,Sin Dato,36.2007153,-115.9716096,Bar,18
0X80C2Db29D888Ac070Xe3Deb66Be11D360E,Sharkys,Sharkys 409 W Las Tunas Dr San Gabriel Ca 91776,Sin Dato,34.1026729,-118.1044203,Bar,37
0X80C2Db29D888Ac070Xe3Deb66Be11D360E,Sharkys,Sharkys 409 W Las Tunas Dr San Gabriel Ca 91776,Sin Dato,34.1026729,-118.1044203,Bar,37
0X80C2A4905D99Cdf70Xbb18F53C91Cbb987,Shorebar,Shorebar 112 W Channel Rd Santa Monica Ca 90402,Classy Airy Hangout With A Maritime Vibe Specializing In Innovative Mixed Drinks,34.0283589,-118.5188362,Bar,94
0X80C2A4905D99Cdf70Xbb18F53C91Cbb987,Shorebar,Shorebar 112 W Channel Rd Santa Monica Ca 90402,Classy Airy Hangout With A Maritime Vibe Specializing In Innovative Mixed Drinks,34.0283589,-118.5188362,Bar,94
0X80C2B89009Cb49930X3Ea92Acad63469A8,Hera Bar,Hera Bar 3875 Wilshire Blvd Los Angeles Ca 90010,Sin Dato,34.061847,-118.3113088,Bar,24
0X80C2B89009Cb49930X3Ea92Acad63469A8,Hera Bar,Hera Bar 3875 Wilshire Blvd Los Angeles Ca 90010,Sin Dato,34.061847,-118.3113088,Bar,24
0X80C2C7B2F83D8E370X3E401C95D70E6539,Lobby Bar,Lobby Bar 404 S Figueroa St Los Angeles Ca 90071,Sin Dato,34.0527839,-118.2554921,Bar,2
0X80C2C7B2F83D8E370X3E401C95D70E6539,Lobby Bar,Lobby Bar 404 S Figueroa St Los Angeles Ca 90071,Sin Dato,34.0527839,-118.2554921,Bar,2
0X80Deab90325C52910X8Dd4E6Ec9C87215B,Oculto 477,Oculto 477 2414 San Diego Ave San Diego Ca 92110,Sin Dato,32.7517603,-117.1933573,Bar,8
0X80Deab90325C52910X8Dd4E6Ec9C87215B,Oculto 477,Oculto 477 2414 San Diego Ave San Diego Ca 92110,Sin Dato,32.7517603,-117.1933573,Bar,8
0X8085610C1F1555550Xc4Faca8B644Ec4A8,The Guzzler,The Guzzler 1001 Harvey Dr Walnut Creek Ca 94597,Sin Dato,37.9275403,-122.0552816,Bar,1
0X8085610C1F1555550Xc4Faca8B644Ec4A8,The Guzzler,The Guzzler 1001 Harvey Dr Walnut Creek Ca 94597,Sin Dato,37.9275403,-122.0552816,Bar,1
0X808580907E284C7F0Xa5F2297F1F13Bd99,Ales Unlimited,Ales Unlimited 222 Hyde St San Francisco Ca 94102,Sin Dato,37.7829904,-122.4155721,Bar,16
0X808580907E284C7F0Xa5F2297F1F13Bd99,Ales Unlimited,Ales Unlimited 222 Hyde St San Francisco Ca 94102,Sin Dato,37.7829904,-122.4155721,Bar,16
0X80938420473C14C90Xad1Bcade3Adc8D22,Corner Bar,Corner Bar 25545 W Mc Kamey Tranquillity Ca 93668,Sin Dato,36.6485937,-120.2531692,Bar,6
0X80938420473C14C90Xad1Bcade3Adc8D22,Corner Bar,Corner Bar 25545 W Mc Kamey Tranquillity Ca 93668,Sin Dato,36.6485937,-120.2531692,Bar,6
0X80Dd27A35720C5F30Xc30E0501Ffc4163C,Quan Moi,Quan Moi 15440 Brookhurst St Westminster Ca 92683,Sin Dato,33.7384394,-117.9537474,Bar,15
0X80Dd27A35720C5F30Xc30E0501Ffc4163C,Quan Moi,Quan Moi 15440 Brookhurst St Westminster Ca 92683,Sin Dato,33.7384394,-117.9537474,Bar,15
0X809Ae7102Af3C6E30X6894988Ef57033F3,The Filling Station,The Filling Station 815 Sutter St Folsom Ca 95630,Sin Dato,38.676542,-121.178375,Bar,8
0X809Ae7102Af3C6E30X6894988Ef57033F3,The Filling Station,The Filling Station 815 Sutter St Folsom Ca 95630,Sin Dato,38.676542,-121.178375,Bar,8
0X80C8D1Bfa0385Ceb0Xf1F9767C0F3456B5,World Of Beer,World Of Beer 1300 W Sunset Rd Henderson Nv 89014,Sin Dato,36.0672397,-115.0432541,Bar,4
0X80C8D1Bfa0385Ceb0Xf1F9767C0F3456B5,World Of Beer,World Of Beer 1300 W Sunset Rd Henderson Nv 89014,Sin Dato,36.0672397,-115.0432541,Bar,4
0X809B57657284E7170Xe8Cb3A52A284Ab,7 Mile House,7 Mile House 3178 State Hwy 20 Marysville Ca 95901,Sin Dato,39.213809,-121.506555,Bar,18
0X809B57657284E7170Xe8Cb3A52A284Ab,7 Mile House,7 Mile House 3178 State Hwy 20 Marysville Ca 95901,Sin Dato,39.213809,-121.506555,Bar,18
0X80Dcb4F4Fa7050A90X385755C4514Add39,La Cueva Del Peludo Bar,La Cueva Del Peludo Bar Glen St Riverside Ca 92509,Sin Dato,34.0114868,-117.4815697,Bar,46
0X80Dcb4F4Fa7050A90X385755C4514Add39,La Cueva Del Peludo Bar,La Cueva Del Peludo Bar Glen St Riverside Ca 92509,Sin Dato,34.0114868,-117.4815697,Bar,46
0X80C2B16A1E193E0D0Xd7Bc64D37C9D85E7,Old Town Patio,Old Town Patio 115 Richmond St El Segundo Ca 90245,Laidback Hangout Featuring Draft Beer  American Grill Fare Plus A Spacious Outdoor Patio,33.9169279,-118.4172748,Bar,58
0X80C2B16A1E193E0D0Xd7Bc64D37C9D85E7,Old Town Patio,Old Town Patio 115 Richmond St El Segundo Ca 90245,Laidback Hangout Featuring Draft Beer  American Grill Fare Plus A Spacious Outdoor Patio,33.9169279,-118.4172748,Bar,58
0X808581Fa50F4991B0Xc01E72890Ecfc0B5,Café Meuse,Café Meuse 1400 Pacific Ave San Francisco Ca 94109,Sin Dato,37.7955549,-122.4184725,Bar,5
0X808581Fa50F4991B0Xc01E72890Ecfc0B5,Café Meuse,Café Meuse 1400 Pacific Ave San Francisco Ca 94109,Sin Dato,37.7955549,-122.4184725,Bar,5
0X80Dd36308D3224770Xd91C387F2Fd2F8B1,Crimson Project Llc,Crimson Project Llc 333 W 6Th St San Pedro Ca 90731,Sin Dato,33.7385453,-118.284273,Bar,2
0X80Dd36308D3224770Xd91C387F2Fd2F8B1,Crimson Project Llc,Crimson Project Llc 333 W 6Th St San Pedro Ca 90731,Sin Dato,33.7385453,-118.284273,Bar,2
0X8082Eb50Fa1309D70X7161Abeef6632C,Green Doors Tavern,Green Doors Tavern 1220 S 99 W Hwy Corning Ca 96021,Sin Dato,39.923974,-122.197824,Bar,8
0X8082Eb50Fa1309D70X7161Abeef6632C,Green Doors Tavern,Green Doors Tavern 1220 S 99 W Hwy Corning Ca 96021,Sin Dato,39.923974,-122.197824,Bar,8
0X80Ecc378Ece598C90X6776202E2D43331B,Raconteur Room,Raconteur Room 5840 Traffic Way Atascadero Ca 93422,Sin Dato,35.4905891,-120.6698457,Bar,35
0X80Ecc378Ece598C90X6776202E2D43331B,Raconteur Room,Raconteur Room 5840 Traffic Way Atascadero Ca 93422,Sin Dato,35.4905891,-120.6698457,Bar,35
0X80C2C838Dbb32D130X8Bdae95A95B7296E,El Mexicano Bar,El Mexicano Bar 5517 S Broadway Los Angeles Ca 90037,Sin Dato,33.9919151,-118.278593,Bar,8
0X80C2C838Dbb32D130X8Bdae95A95B7296E,El Mexicano Bar,El Mexicano Bar 5517 S Broadway Los Angeles Ca 90037,Sin Dato,33.9919151,-118.278593,Bar,8
0X80C2Cd264Cfc01Cb0X1E3Eb0E7164Dbe07,El Potrero Bar,El Potrero Bar 8143 Somerset Blvd Paramount Ca 90723,Sin Dato,33.8965991,-118.1559937,Bar,8
0X80C2Cd264Cfc01Cb0X1E3Eb0E7164Dbe07,El Potrero Bar,El Potrero Bar 8143 Somerset Blvd Paramount Ca 90723,Sin Dato,33.8965991,-118.1559937,Bar,8
0X8085811658D777950Xd00Dcc375E6A198F,Nightingale Bar,Nightingale Bar 239 Kearny St San Francisco Ca 94108,Lush Ferns  Low Lighting Set A Playful Backdrop At This Homey Retrocool Cocktail Lounge,37.7903425,-122.4041949,Bar,28
0X8085811658D777950Xd00Dcc375E6A198F,Nightingale Bar,Nightingale Bar 239 Kearny St San Francisco Ca 94108,Lush Ferns  Low Lighting Set A Playful Backdrop At This Homey Retrocool Cocktail Lounge,37.7903425,-122.4041949,Bar,28
0X8091Abdd88948B790X8Ca83A6C271Db27F,The Doghouse Taproom,The Doghouse Taproom 2723 Central Ave Ceres Ca 95307,Sin Dato,37.592739,-120.9571287,Bar,33
0X8091Abdd88948B790X8Ca83A6C271Db27F,The Doghouse Taproom,The Doghouse Taproom 2723 Central Ave Ceres Ca 95307,Sin Dato,37.592739,-120.9571287,Bar,33
0X80C8D43164A232Eb0Xc04E34Bdbe3C7558,Tomfoolery Pub,Tomfoolery Pub 1331 S Boulder Hwy Henderson Nv 89015,Sin Dato,36.0156507,-114.9580832,Bar,5
0X80C8D43164A232Eb0Xc04E34Bdbe3C7558,Tomfoolery Pub,Tomfoolery Pub 1331 S Boulder Hwy Henderson Nv 89015,Sin Dato,36.0156507,-114.9580832,Bar,5
0X80C8C16C2C29411D0Xe707B9B8F966936D,Elbow Creek Bar,Elbow Creek Bar 740 S Decatur Blvd Las Vegas Nv 89107,Sin Dato,36.1634312,-115.2072287,Bar,74
0X80C8C16C2C29411D0Xe707B9B8F966936D,Elbow Creek Bar,Elbow Creek Bar 740 S Decatur Blvd Las Vegas Nv 89107,Sin Dato,36.1634312,-115.2072287,Bar,74
0X80C8Cf9B2106Bdf30X97C86C270A3F64Df,Jackpot Joanies,Jackpot Joanies 7141 S Eastern Ave Las Vegas Nv 89119,Sin Dato,36.0597265,-115.1191639,Bar,6
0X80C8Cf9B2106Bdf30X97C86C270A3F64Df,Jackpot Joanies,Jackpot Joanies 7141 S Eastern Ave Las Vegas Nv 89119,Sin Dato,36.0597265,-115.1191639,Bar,6
0X80C35294204D5Cfb0X75056B4Ae015501F,Marias Bar,Marias Bar 2506 Foothill Blvd San Bernardino Ca 92410,Sin Dato,34.1069778,-117.3442915,Bar,38
0X80C35294204D5Cfb0X75056B4Ae015501F,Marias Bar,Marias Bar 2506 Foothill Blvd San Bernardino Ca 92410,Sin Dato,34.1069778,-117.3442915,Bar,38
0X80D7673Ad6Ae759B0Xe9Fd48A871D6516F,Paradise  Bar Karaoke,Paradise  Bar Karaoke 446 Broadway El Centro Ca 92243,Sin Dato,32.7940617,-115.5535815,Bar,68
0X80D7673Ad6Ae759B0Xe9Fd48A871D6516F,Paradise  Bar Karaoke,Paradise  Bar Karaoke 446 Broadway El Centro Ca 92243,Sin Dato,32.7940617,-115.5535815,Bar,68
0X80Dd28Ead10Cd8390X1Bbeb5998D564424,Tsports Bar  Lounge,Tsports Bar  Lounge 12465 Beach Blvd Stanton Ca 90680,Sin Dato,33.7818089,-117.9933384,Bar,8
0X80Dd28Ead10Cd8390X1Bbeb5998D564424,Tsports Bar  Lounge,Tsports Bar  Lounge 12465 Beach Blvd Stanton Ca 90680,Sin Dato,33.7818089,-117.9933384,Bar,8
0X80Dd2B8F2Eb0Edcf0Xe09Ba49Ce71Cb4A6,Bird Dive Bar,Bird Dive Bar 912914 Williamson Ave Fullerton Ca 92832,Buzzy Local Haunt For Craft Beer  Cocktails In Spartan Digs With Live Music  Karaoke Nights,33.8688719,-117.94142,Bar,38
0X80Dd2B8F2Eb0Edcf0Xe09Ba49Ce71Cb4A6,Bird Dive Bar,Bird Dive Bar 912914 Williamson Ave Fullerton Ca 92832,Buzzy Local Haunt For Craft Beer  Cocktails In Spartan Digs With Live Music  Karaoke Nights,33.8688719,-117.94142,Bar,38
0X80996236Cfcc579F0X103419B6Baaca6B6,Chocolate Bar,Chocolate Bar 7001 Northstar Dr  7115 Truckee Ca 96161,Sin Dato,39.2738788,-120.1203601,Bar,3
0X80996236Cfcc579F0X103419B6Baaca6B6,Chocolate Bar,Chocolate Bar 7001 Northstar Dr  7115 Truckee Ca 96161,Sin Dato,39.2738788,-120.1203601,Bar,3
0X808Fa576De8893930X6B6331499D951Dcc,The Library  Bar,The Library  Bar 2825 Sand Hill Rd Menlo Park Ca 94025,Sin Dato,37.4195409,-122.2123267,Bar,5
0X808Fa576De8893930X6B6331499D951Dcc,The Library  Bar,The Library  Bar 2825 Sand Hill Rd Menlo Park Ca 94025,Sin Dato,37.4195409,-122.2123267,Bar,5
0X80Dbfb890F4Bc12B0X1336B08F57B315E9,The Olde Carriage Tavern,The Olde Carriage Tavern 12821 Poway Rd Poway Ca 92064,Sin Dato,32.9560127,-117.0530776,Bar,18
0X80Dbfb890F4Bc12B0X1336B08F57B315E9,The Olde Carriage Tavern,The Olde Carriage Tavern 12821 Poway Rd Poway Ca 92064,Sin Dato,32.9560127,-117.0530776,Bar,18
0X80C2Bc137B4Aa0Cb0X4Ab69Cdb0C31E893,Bar Nineteen 12,Bar Nineteen 12 9641 Sunset Blvd Beverly Hills Ca 90210,Classic Cocktails  Upscale Bar Bites In A Handsome Pub Setting With A Covered Terrace,34.0817957,-118.4133946,Bar,28
0X80C2Bc137B4Aa0Cb0X4Ab69Cdb0C31E893,Bar Nineteen 12,Bar Nineteen 12 9641 Sunset Blvd Beverly Hills Ca 90210,Classic Cocktails  Upscale Bar Bites In A Handsome Pub Setting With A Covered Terrace,34.0817957,-118.4133946,Bar,28
0X80Dbf9Fd2Acc56770X79F06310753F2A09,Black Horse Pub,Black Horse Pub 14455 Penasquitos Dr San Diego Ca 92129,Sin Dato,32.9790656,-117.0912113,Bar,28
0X80Dbf9Fd2Acc56770X79F06310753F2A09,Black Horse Pub,Black Horse Pub 14455 Penasquitos Dr San Diego Ca 92129,Sin Dato,32.9790656,-117.0912113,Bar,28
0X80C8C2Dda268D8830Xc1C017A3419Edefe,Club 702,Club 702 2442 Las Vegas Blvd N North Las Vegas Nv 89030,Sin Dato,36.2040306,-115.1162096,Bar,34
0X80C8C2Dda268D8830Xc1C017A3419Edefe,Club 702,Club 702 2442 Las Vegas Blvd N North Las Vegas Nv 89030,Sin Dato,36.2040306,-115.1162096,Bar,34
0X80C2904A8Ffbeb5F0X953Cce69214Bddee,El Potro Bar,El Potro Bar 1113 San Fernando Rd San Fernando Ca 91340,Sin Dato,34.2835304,-118.4419151,Bar,67
0X80C2904A8Ffbeb5F0X953Cce69214Bddee,El Potro Bar,El Potro Bar 1113 San Fernando Rd San Fernando Ca 91340,Sin Dato,34.2835304,-118.4419151,Bar,67
0X808Ffe953Af400010X45B6F63A76C7D353,Harrys Wine Depot  Tavern,Harrys Wine Depot  Tavern 761 2Nd St Brentwood Ca 94513,Sin Dato,37.9340428,-121.6947618,Bar,18
0X808Ffe953Af400010X45B6F63A76C7D353,Harrys Wine Depot  Tavern,Harrys Wine Depot  Tavern 761 2Nd St Brentwood Ca 94513,Sin Dato,37.9340428,-121.6947618,Bar,18
0X8098Fdca4B2213610X81Fcbd6C215881E2,Slidin Clydes Tavern,Slidin Clydes Tavern 5905 Apache Dr Stagecoach Nv 89429,Sin Dato,39.3622016,-119.3756103,Bar,87
0X8098Fdca4B2213610X81Fcbd6C215881E2,Slidin Clydes Tavern,Slidin Clydes Tavern 5905 Apache Dr Stagecoach Nv 89429,Sin Dato,39.3622016,-119.3756103,Bar,87
0X80Ec198B5D5C122B0X1371Fd758Ec547Aa,Tap  Cork,Tap  Cork 3734 Constellation Rd Suite E Lompoc Ca 93436,Sin Dato,34.7007629,-120.4680309,Bar,37
0X80Ec198B5D5C122B0X1371Fd758Ec547Aa,Tap  Cork,Tap  Cork 3734 Constellation Rd Suite E Lompoc Ca 93436,Sin Dato,34.7007629,-120.4680309,Bar,37
0X80Ea6847946Cd4270Xd09Aa7A75517Ed85,The Old West Saloon,The Old West Saloon 1807 N Chester Ave Bakersfield Ca 93308,Sin Dato,35.4227804,-119.0215158,Bar,8
0X80Ea6847946Cd4270Xd09Aa7A75517Ed85,The Old West Saloon,The Old West Saloon 1807 N Chester Ave Bakersfield Ca 93308,Sin Dato,35.4227804,-119.0215158,Bar,8
0X80Dca123Fe90688D0Xa88Be7119A0Bcef5,Bis Club And Bar Bis Club,Bis Club And Bar Bis Club 4164 N Perris Blvd Perris Ca 92571,Sin Dato,33.8473407,-117.2270551,Bar,108
0X80Dca123Fe90688D0Xa88Be7119A0Bcef5,Bis Club And Bar Bis Club,Bis Club And Bar Bis Club 4164 N Perris Blvd Perris Ca 92571,Sin Dato,33.8473407,-117.2270551,Bar,108
0X80Dcf45C1D8E14B90X43A56D6E97Ae6B35,Outrigger Tavern,Outrigger Tavern 1920 S El Camino Real San Clemente Ca 92672,Sin Dato,33.4170902,-117.602649,Bar,78
0X80Dcf45C1D8E14B90X43A56D6E97Ae6B35,Outrigger Tavern,Outrigger Tavern 1920 S El Camino Real San Clemente Ca 92672,Sin Dato,33.4170902,-117.602649,Bar,78
0X80C2Bfc40B15A8Bd0X98Ad814E99B6B6D0,The Roof At Edition,The Roof At Edition 9040 Sunset Blvd West Hollywood Ca 90069,Sin Dato,34.0903652,-118.3895745,Bar,8
0X80C2Bfc40B15A8Bd0X98Ad814E99B6B6D0,The Roof At Edition,The Roof At Edition 9040 Sunset Blvd West Hollywood Ca 90069,Sin Dato,34.0903652,-118.3895745,Bar,8
0X80Ac2F4C502Bd3750X7A0Cfe756292E402,Carmens Black  White Bar,Carmens Black  White Bar 100 Scobie Dr West Wendover Nv 89883,Sin Dato,40.731463,-114.045086,Bar,48
0X80Ac2F4C502Bd3750X7A0Cfe756292E402,Carmens Black  White Bar,Carmens Black  White Bar 100 Scobie Dr West Wendover Nv 89883,Sin Dato,40.731463,-114.045086,Bar,48
0X80Dcb14Aaa0A559F0Xb7Daaf96A0B90D82,Brooks Bar,Brooks Bar Van Buren 6720 Van Buren Boulevard Riverside Ca 92503,Sin Dato,33.9530817,-117.4557432,Bar,68
0X80Dcb14Aaa0A559F0Xb7Daaf96A0B90D82,Brooks Bar,Brooks Bar Van Buren 6720 Van Buren Boulevard Riverside Ca 92503,Sin Dato,33.9530817,-117.4557432,Bar,68
0X80990Fab5077D8290X278Fb79Dcec035C5,Virginia City Cigar And Bar,Virginia City Cigar And Bar 69 N C Street Virginia City Nv 89440,Sin Dato,39.3117017,-119.6490291,Bar,33
0X80990Fab5077D8290X278Fb79Dcec035C5,Virginia City Cigar And Bar,Virginia City Cigar And Bar 69 N C Street Virginia City Nv 89440,Sin Dato,39.3117017,-119.6490291,Bar,33
0X80Dc77A131Cbf5A50Xcf95F0C3D2A21Fe0,Barrel  Stave Pour House Downtown Vista,Barrel  Stave Pour House Downtown Vista 206 Main St Vista Ca 92084,Sin Dato,33.2024551,-117.2423369,Bar,28
0X80Dc77A131Cbf5A50Xcf95F0C3D2A21Fe0,Barrel  Stave Pour House Downtown Vista,Barrel  Stave Pour House Downtown Vista 206 Main St Vista Ca 92084,Sin Dato,33.2024551,-117.2423369,Bar,28
0X80D95560Acf729F70X8E5D77F4A14Fd332,Pure Project North Park Tap Room,Pure Project North Park Tap Room 2867 El Cajon Blvd San Diego Ca 92104,Sin Dato,32.7549224,-117.1321746,Bar,2
0X80D95560Acf729F70X8E5D77F4A14Fd332,Pure Project North Park Tap Room,Pure Project North Park Tap Room 2867 El Cajon Blvd San Diego Ca 92104,Sin Dato,32.7549224,-117.1321746,Bar,2
0X808F799D84Fc5Ced0Xbaac762Cfae3D7B3,Fairway Cocktail Lounge,Fairway Cocktail Lounge 900 El Camino Real South San Francisco Ca 94080,Sin Dato,37.6532199,-122.4321995,Bar,18
0X808F799D84Fc5Ced0Xbaac762Cfae3D7B3,Fairway Cocktail Lounge,Fairway Cocktail Lounge 900 El Camino Real South San Francisco Ca 94080,Sin Dato,37.6532199,-122.4321995,Bar,18
0X80C8C598Fb4C07830Xd40120E872Df730B,Bud 29 Track Lounge,Bud 29 Track Lounge Mccarran International Airport Terminal 1 Esplande Main Concourse 5757 Wayne Newton Blvd Las Vegas Nv 89119,Straightforward Airport Watering Hole Serving Beer With Simple Grub In A Relaxed Setting,36.0853708,-115.1496137,Bar,26
0X80C8C598Fb4C07830Xd40120E872Df730B,Bud 29 Track Lounge,Bud 29 Track Lounge Mccarran International Airport Terminal 1 Esplande Main Concourse 5757 Wayne Newton Blvd Las Vegas Nv 89119,Straightforward Airport Watering Hole Serving Beer With Simple Grub In A Relaxed Setting,36.0853708,-115.1496137,Bar,26
0X80Ce5Cd48703Faed0Xa9Fd40C799E6D15D,Ski Pass,Ski Pass Arizona 86429,Sin Dato,35.2102764,-114.5771879,Bay,4
0X80Ce5Cd48703Faed0Xa9Fd40C799E6D15D,Ski Pass,Ski Pass Arizona 86429,Sin Dato,35.2102764,-114.5771879,Bay,4
0X80C94B60051134870X778929Bcbd9Ba5De,Danger Bay,Danger Bay Arizona 86443,Sin Dato,36.0882941,-114.4389737,Bay,1
0X80C94B60051134870X778929Bcbd9Ba5De,Danger Bay,Danger Bay Arizona 86443,Sin Dato,36.0882941,-114.4389737,Bay,1
0X80Ce42D5675A444B0X2565F2602A6907Ec,Davis Cove,Davis Cove Arizona 86429,Sin Dato,35.2077765,-114.5713544,Bay,8
0X80Ce42D5675A444B0X2565F2602A6907Ec,Davis Cove,Davis Cove Arizona 86429,Sin Dato,35.2077765,-114.5713544,Bay,8
0X808De88F90446C430Xee952Aaf0Af53379,The Pit,The Pit California 93923,Sin Dato,36.5213845,-121.9368043,Bay,1
0X808De88F90446C430Xee952Aaf0Af53379,The Pit,The Pit California 93923,Sin Dato,36.5213845,-121.9368043,Bay,1
0X80C92Df2F3321Cc30X8E8D5988A3Fe1B1B,Castle Cove,Castle Cove Arizona 86443,Sin Dato,36.0618605,-114.7269074,Bay,2
0X80C92Df2F3321Cc30X8E8D5988A3Fe1B1B,Castle Cove,Castle Cove Arizona 86443,Sin Dato,36.0618605,-114.7269074,Bay,2
0X80D9532C495F59610X2B03F438Aee8B920,Glorietta Bay,Glorietta Bay Coronado Ca,Small Bay Bordered By A Marina  Park Featuring Boat Launches Vessel Rentals  Scenic Views,32.6780804,-117.1698557,Bay,8
0X80D9532C495F59610X2B03F438Aee8B920,Glorietta Bay,Glorietta Bay Coronado Ca,Small Bay Bordered By A Marina  Park Featuring Boat Launches Vessel Rentals  Scenic Views,32.6780804,-117.1698557,Bay,8
0X80859Bc762F9C3190Xd52B6Cd09714Ae0,San Rafael Bay,San Rafael Bay California,Sin Dato,37.9658043,-122.4778593,Bay,8
0X80859Bc762F9C3190Xd52B6Cd09714Ae0,San Rafael Bay,San Rafael Bay California,Sin Dato,37.9658043,-122.4778593,Bay,8
0X80999D6A88Abd1410X67C7145831Eaa1A5,Glenbrook Bay,Glenbrook Bay Nevada 89413,Sin Dato,39.0930399,-119.9480348,Bay,3
0X80999D6A88Abd1410X67C7145831Eaa1A5,Glenbrook Bay,Glenbrook Bay Nevada 89413,Sin Dato,39.0930399,-119.9480348,Bay,3
0X80Dd5D7C52Fc647F0Xe94F1283C6Aed402,Emerald Bay,Emerald Bay California 90704,Sin Dato,33.4667341,-118.5247121,Bay,17
0X80Dd5D7C52Fc647F0Xe94F1283C6Aed402,Emerald Bay,Emerald Bay California 90704,Sin Dato,33.4667341,-118.5247121,Bay,17
0X80D18C6465Cc6B8F0Xdf6709A1D3Edc048,Steamboat Cove,Steamboat Cove Arizona 86406,A Nowake Zone This Large Cove On Lake Havasu Features A Beach Picnic Tables  Campsites,34.3981909,-114.2544667,Bay,8
0X80D18C6465Cc6B8F0Xdf6709A1D3Edc048,Steamboat Cove,Steamboat Cove Arizona 86406,A Nowake Zone This Large Cove On Lake Havasu Features A Beach Picnic Tables  Campsites,34.3981909,-114.2544667,Bay,8
0X80900F242Cde74330X859D0Bdad44C4D8C,Windmill Cove,Windmill Cove California 95206,Sin Dato,37.9901203,-121.4079373,Bay,24
0X80900F242Cde74330X859D0Bdad44C4D8C,Windmill Cove,Windmill Cove California 95206,Sin Dato,37.9901203,-121.4079373,Bay,24
0X80Ce5D28A18806830X68C8657A7506B67D,Katherine Landing,Katherine Landing Arizona 86429,Sin Dato,35.2199985,-114.5671877,Bay,38
0X80Ce5D28A18806830X68C8657A7506B67D,Katherine Landing,Katherine Landing Arizona 86429,Sin Dato,35.2199985,-114.5671877,Bay,38
0X54D27D1Eb189709D0Xcc7A6C02D59E6474,Obrien Creek Inlet,Obrien Creek Inlet California 96051,Sin Dato,40.8140684,-122.3649429,Bay,2
0X54D27D1Eb189709D0Xcc7A6C02D59E6474,Obrien Creek Inlet,Obrien Creek Inlet California 96051,Sin Dato,40.8140684,-122.3649429,Bay,2
0X80C928Bd04Cf89790Xfaa0Cd6Ca3Cf05E1,Upper Government Wash Cove,Upper Government Wash Cove Nevada 89005,Sin Dato,36.1258104,-114.8305446,Bay,6
0X80C928Bd04Cf89790Xfaa0Cd6Ca3Cf05E1,Upper Government Wash Cove,Upper Government Wash Cove Nevada 89005,Sin Dato,36.1258104,-114.8305446,Bay,6
0X80D9532Dac7Edbd90X9D39Ce67286A877D,Glorietta Bay Anchorage,Glorietta Bay Anchorage Glorietta Bay Coronado Ca 92118,Sin Dato,32.6787798,-117.1691282,Bay,3
0X80D9532Dac7Edbd90X9D39Ce67286A877D,Glorietta Bay Anchorage,Glorietta Bay Anchorage Glorietta Bay Coronado Ca 92118,Sin Dato,32.6787798,-117.1691282,Bay,3
0X80C3271F3C1Fe5490X9D168Defb5C2B614,Morris Reservoir Dam,Morris Reservoir Dam San Gabriel Canyon Rd Azusa Ca 91702,Sin Dato,34.1762537,-117.8827431,Dam,45
0X80C3271F3C1Fe5490X9D168Defb5C2B614,Morris Reservoir Dam,Morris Reservoir Dam San Gabriel Canyon Rd Azusa Ca 91702,Sin Dato,34.1762537,-117.8827431,Dam,45
0X808F86Dbfb7Ceb110X70282E47F4C65A7D,Cgi Gym,Cgi Gym Alameda Ca 94501,Sin Dato,37.781133,-122.2489423,Gym,28
0X808F86Dbfb7Ceb110X70282E47F4C65A7D,Cgi Gym,Cgi Gym Alameda Ca 94501,Sin Dato,37.781133,-122.2489423,Gym,28
0X80Dbff2E9B3466B90Xb382975Cb1091207,The Barn,The Barn San Diego Ca 92145,Sin Dato,32.8825305,-117.1345935,Gym,58
0X80Dbff2E9B3466B90Xb382975Cb1091207,The Barn,The Barn San Diego Ca 92145,Sin Dato,32.8825305,-117.1345935,Gym,58
0X808Fcbaa4927D2710X90C5397Eb1B4B2B0,Auxiliary Gym,Auxiliary Gym Santa Clara Ca 95050,Sin Dato,37.344365,-121.9433052,Gym,3
0X808Fcbaa4927D2710X90C5397Eb1B4B2B0,Auxiliary Gym,Auxiliary Gym Santa Clara Ca 95050,Sin Dato,37.344365,-121.9433052,Gym,3
0X80C8C170Fd26Aae90Xbce15C61C9Cbc96E,Ymca,Ymca Meadows Ln Las Vegas Nv 89107,Sin Dato,36.1689169,-115.196523,Gym,34
0X80C8C170Fd26Aae90Xbce15C61C9Cbc96E,Ymca,Ymca Meadows Ln Las Vegas Nv 89107,Sin Dato,36.1689169,-115.196523,Gym,34
0X808529F9Dc6412650Xc2781B0A5C617D94,Davis Aquadarts,Davis Aquadarts 599 B St Davis Ca 95616,Sin Dato,38.5478275,-121.7457933,Gym,1
0X808529F9Dc6412650Xc2781B0A5C617D94,Davis Aquadarts,Davis Aquadarts 599 B St Davis Ca 95616,Sin Dato,38.5478275,-121.7457933,Gym,1
0X808F86389C5Af6C90Xf878F60Be3C1Cabc,Gym,Gym 4055 Macarthur Blvd Oakland Ca 94619,Sin Dato,37.7893434,-122.1970791,Gym,7
0X808F86389C5Af6C90Xf878F60Be3C1Cabc,Gym,Gym 4055 Macarthur Blvd Oakland Ca 94619,Sin Dato,37.7893434,-122.1970791,Gym,7
0X80Dc71576Fb169970Xd3A4A824E6Bced4E,108 Athletics,108 Athletics 245 Emerald Dr Vista Ca 92083,Sin Dato,33.190896,-117.278477,Gym,4
0X80Dc71576Fb169970Xd3A4A824E6Bced4E,108 Athletics,108 Athletics 245 Emerald Dr Vista Ca 92083,Sin Dato,33.190896,-117.278477,Gym,4
0X80C2992Bf1Bea8D10Xc6C1D5F95Fe7D356,Profit 3,Profit 3 17623 Ventura Blvd Encino Ca 91316,Sin Dato,34.1627162,-118.5169148,Gym,8
0X80C2992Bf1Bea8D10Xc6C1D5F95Fe7D356,Profit 3,Profit 3 17623 Ventura Blvd Encino Ca 91316,Sin Dato,34.1627162,-118.5169148,Gym,8
0X8096Ba04860439490Xbfd75B6A3Db3A154,Studio M Yoga,Studio M Yoga 5009 5Th St Mariposa Ca 95338,Sin Dato,37.4839762,-119.9652312,Gym,3
0X8096Ba04860439490Xbfd75B6A3Db3A154,Studio M Yoga,Studio M Yoga 5009 5Th St Mariposa Ca 95338,Sin Dato,37.4839762,-119.9652312,Gym,3
0X8084Dff49F625C450X6Ef531200226815D,Anytime Fitness,Anytime Fitness 113 Main St Winters Ca 95694,Sin Dato,38.5213003,-121.9714849,Gym,14
0X8084Dff49F625C450X6Ef531200226815D,Anytime Fitness,Anytime Fitness 113 Main St Winters Ca 95694,Sin Dato,38.5213003,-121.9714849,Gym,14
0X80C34Bc55E85Fe330X1C523D6153Ca8D6D,Area 24,Area 24 14189 Foothill Blvd Fontana Ca 92335,Sin Dato,34.1060104,-117.495079,Gym,13
0X80C34Bc55E85Fe330X1C523D6153Ca8D6D,Area 24,Area 24 14189 Foothill Blvd Fontana Ca 92335,Sin Dato,34.1060104,-117.495079,Gym,13
0X808E2E69Ac3A24570X6771Eb404Ae87F0B,Crossfit Fcc,Crossfit Fcc 474 Piercy Rd San Jose Ca 95138,Sin Dato,37.2586838,-121.7796707,Gym,8
0X808E2E69Ac3A24570X6771Eb404Ae87F0B,Crossfit Fcc,Crossfit Fcc 474 Piercy Rd San Jose Ca 95138,Sin Dato,37.2586838,-121.7796707,Gym,8
0X80993Fc2803691D90X4197A9549Aaf9A90,Anytime Fitness,Anytime Fitness 5255 Longley Ln Reno Nv 89502,Sin Dato,39.4762479,-119.7656306,Gym,44
0X80993Fc2803691D90X4197A9549Aaf9A90,Anytime Fitness,Anytime Fitness 5255 Longley Ln Reno Nv 89502,Sin Dato,39.4762479,-119.7656306,Gym,44
0X80Dbffeb04Aa2E310X9Aa6072623Aa3Dbb,Crossfit Atr,Crossfit Atr 4250 Pepsi Dr San Diego Ca 92111,Sin Dato,32.8190538,-117.1535411,Gym,68
0X80Dbffeb04Aa2E310X9Aa6072623Aa3Dbb,Crossfit Atr,Crossfit Atr 4250 Pepsi Dr San Diego Ca 92111,Sin Dato,32.8190538,-117.1535411,Gym,68
0X80838Bd9F50Da65B0X7Da1659C979Af43B,Ck Fitness,Ck Fitness 14860 Olympic Dr Clearlake Ca 95422,Sin Dato,38.9626146,-122.6332971,Gym,36
0X80838Bd9F50Da65B0X7Da1659C979Af43B,Ck Fitness,Ck Fitness 14860 Olympic Dr Clearlake Ca 95422,Sin Dato,38.9626146,-122.6332971,Gym,36
0X809040F767E350C70X4D6E886971Efd7A1,Fit Republic,Fit Republic 934 Perimeter Dr Manteca Ca 95337,Sin Dato,37.7818347,-121.2289906,Gym,53
0X809040F767E350C70X4D6E886971Efd7A1,Fit Republic,Fit Republic 934 Perimeter Dr Manteca Ca 95337,Sin Dato,37.7818347,-121.2289906,Gym,53
0X8085Bb9A3Ee21Ed50X1E21Db2Cc49C1C2F,Marin Fitness,Marin Fitness 2025 Novato Blvd Novato Ca 94947,Sin Dato,38.1106701,-122.5922409,Gym,18
0X8085Bb9A3Ee21Ed50X1E21Db2Cc49C1C2F,Marin Fitness,Marin Fitness 2025 Novato Blvd Novato Ca 94947,Sin Dato,38.1106701,-122.5922409,Gym,18
0X80Db43Df949B8B710Xf21B0F03F31620Da,Planet Fitness,Planet Fitness 1579 E 2Nd St Beaumont Ca 92223,Sin Dato,33.92247,-116.94883,Gym,38
0X80Db43Df949B8B710Xf21B0F03F31620Da,Planet Fitness,Planet Fitness 1579 E 2Nd St Beaumont Ca 92223,Sin Dato,33.92247,-116.94883,Gym,38
0X80Bf8F7B8A7886930Xe93776Fa6B777A35,Shark Fin Trail Headparking,Shark Fin Trail Headparking Lone Pine Ca 93545,Sin Dato,36.5988405,-118.1181218,Gym,17
0X80Bf8F7B8A7886930Xe93776Fa6B777A35,Shark Fin Trail Headparking,Shark Fin Trail Headparking Lone Pine Ca 93545,Sin Dato,36.5988405,-118.1181218,Gym,17
0X80Dcb794084C83630X2Cd1149F00A5A2E9,Ufc Gym Corona,Ufc Gym Corona 470 Mckinley St Corona Ca 92879,Sin Dato,33.8877932,-117.5236257,Gym,113
0X80Dcb794084C83630X2Cd1149F00A5A2E9,Ufc Gym Corona,Ufc Gym Corona 470 Mckinley St Corona Ca 92879,Sin Dato,33.8877932,-117.5236257,Gym,113
0X80993953B557Daad0Xd3A404D3E389Cb66,Anytime Fitness,Anytime Fitness 3170 Vista Blvd Sparks Nv 89436,Sin Dato,39.5608289,-119.7050555,Gym,58
0X80993953B557Daad0Xd3A404D3E389Cb66,Anytime Fitness,Anytime Fitness 3170 Vista Blvd Sparks Nv 89436,Sin Dato,39.5608289,-119.7050555,Gym,58
0X809106Fd76E5C7130X7101294E22D3Ea9A,Fitness Evolution,Fitness Evolution 2705 Geer Rd Turlock Ca 95382,Sin Dato,37.5179653,-120.8497877,Gym,45
0X809106Fd76E5C7130X7101294E22D3Ea9A,Fitness Evolution,Fitness Evolution 2705 Geer Rd Turlock Ca 95382,Sin Dato,37.5179653,-120.8497877,Gym,45
0X80Eae5E11A888Af70X35709B876D319Cb2,Grand Slam Usa Gym,Grand Slam Usa Gym 2236 High St Delano Ca 93215,Sin Dato,35.7878259,-119.2516458,Gym,68
0X80Eae5E11A888Af70X35709B876D319Cb2,Grand Slam Usa Gym,Grand Slam Usa Gym 2236 High St Delano Ca 93215,Sin Dato,35.7878259,-119.2516458,Gym,68
0X80D7678451F8A9190X1D1D0E38Dd7D4580,Iv Fitness Club,Iv Fitness Club 220 Wake Ave El Centro Ca 92243,Sin Dato,32.7717493,-115.5473471,Gym,27
0X80D7678451F8A9190X1D1D0E38Dd7D4580,Iv Fitness Club,Iv Fitness Club 220 Wake Ave El Centro Ca 92243,Sin Dato,32.7717493,-115.5473471,Gym,27
0X80858487Dc557Dab0X5A58Da91Ac9E0B33,Public Tennis Courts,Public Tennis Courts Belvedere Tiburon Ca 94920,Sin Dato,37.8759784,-122.4575168,Gym,2
0X80858487Dc557Dab0X5A58Da91Ac9E0B33,Public Tennis Courts,Public Tennis Courts Belvedere Tiburon Ca 94920,Sin Dato,37.8759784,-122.4575168,Gym,2
0X80Dcd681A720B60B0X863D7F2A21Fd78De,Zumba Fit,Zumba Fit 322 W Santa Fe Ave Placentia Ca 92870,Sin Dato,33.8693477,-117.874069,Gym,5
0X80Dcd681A720B60B0X863D7F2A21Fd78De,Zumba Fit,Zumba Fit 322 W Santa Fe Ave Placentia Ca 92870,Sin Dato,33.8693477,-117.874069,Gym,5
0X80Ece5142Cbc87930Xda716Db2Cf4Fa2B,Cuesta College Gymnasium,Cuesta College Gymnasium San Luis Obispo Ca 93405,Sin Dato,35.3274019,-120.7403274,Gym,8
0X80Ece5142Cbc87930Xda716Db2Cf4Fa2B,Cuesta College Gymnasium,Cuesta College Gymnasium San Luis Obispo Ca 93405,Sin Dato,35.3274019,-120.7403274,Gym,8
0X80C2Bfe081887E990Xd04Dc755D7D6D71B,Miami Fitness,Miami Fitness 1611 W Verdugo Ave Burbank Ca 91506,Sin Dato,34.1682819,-118.3227378,Gym,5
0X80C2Bfe081887E990Xd04Dc755D7D6D71B,Miami Fitness,Miami Fitness 1611 W Verdugo Ave Burbank Ca 91506,Sin Dato,34.1682819,-118.3227378,Gym,5
0X80D9582Fc2D823E50Xfcabe6Eb3B5Ba1Cd,Crossfit Dark Side,Crossfit Dark Side 912 Fesler St El Cajon Ca 92020,Sin Dato,32.8093643,-116.9739227,Gym,8
0X80D9582Fc2D823E50Xfcabe6Eb3B5Ba1Cd,Crossfit Dark Side,Crossfit Dark Side 912 Fesler St El Cajon Ca 92020,Sin Dato,32.8093643,-116.9739227,Gym,8
0X808Fcb4Dfe5285410X1C1919035Adf3093,Mind Pump Media,Mind Pump Media 1343 The Alameda San Jose Ca 95126,Sin Dato,37.3324754,-121.9134821,Gym,1
0X808Fcb4Dfe5285410X1C1919035Adf3093,Mind Pump Media,Mind Pump Media 1343 The Alameda San Jose Ca 95126,Sin Dato,37.3324754,-121.9134821,Gym,1
0X80Dc81Fafce21Ad30X1892A15C9D626550,Speedys Fitness,Speedys Fitness 41695 Elm St 302 Murrieta Ca 92562,Sin Dato,33.5341083,-117.1825401,Gym,2
0X80Dc81Fafce21Ad30X1892A15C9D626550,Speedys Fitness,Speedys Fitness 41695 Elm St 302 Murrieta Ca 92562,Sin Dato,33.5341083,-117.1825401,Gym,2
0X80859A873D482C7D0Xbd9Ef142F8134Eea,Tjs Gym,Tjs Gym 118 Corte Madera Ave Corte Madera Ca 94925,Sin Dato,37.9264741,-122.5302896,Gym,4
0X80859A873D482C7D0Xbd9Ef142F8134Eea,Tjs Gym,Tjs Gym 118 Corte Madera Ave Corte Madera Ca 94925,Sin Dato,37.9264741,-122.5302896,Gym,4
0X808506F537D4F46D0X91Fb76Db510940F0,Wine Country Crossfit,Wine Country Crossfit 818 Jackson St Napa Ca 94559,Sin Dato,38.3076784,-122.2882635,Gym,36
0X808506F537D4F46D0X91Fb76Db510940F0,Wine Country Crossfit,Wine Country Crossfit 818 Jackson St Napa Ca 94559,Sin Dato,38.3076784,-122.2882635,Gym,36
0X80905775Fce16E650Xba6D13Ec45268Cac,Zerillo Park,Zerillo Park 2800 Briarcliff Dr Riverbank Ca 95367,Sin Dato,37.7393341,-120.942871,Gym,18
0X80905775Fce16E650Xba6D13Ec45268Cac,Zerillo Park,Zerillo Park 2800 Briarcliff Dr Riverbank Ca 95367,Sin Dato,37.7393341,-120.942871,Gym,18
0X8085561265B2982B0X78456C6A1808F2B0,California Fitness 247,California Fitness 247 2515 Main St Oakley Ca 94561,Sin Dato,37.9973521,-121.7318739,Gym,28
0X8085561265B2982B0X78456C6A1808F2B0,California Fitness 247,California Fitness 247 2515 Main St Oakley Ca 94561,Sin Dato,37.9973521,-121.7318739,Gym,28
0X80C2Dbdc9A6302930Xc055Ebcc00F8Fc6E,Crossfit Reason,Crossfit Reason 142 W Live Oak Ave Arcadia Ca 91007,Sin Dato,34.1062451,-118.0365343,Gym,33
0X80C2Dbdc9A6302930Xc055Ebcc00F8Fc6E,Crossfit Reason,Crossfit Reason 142 W Live Oak Ave Arcadia Ca 91007,Sin Dato,34.1062451,-118.0365343,Gym,33
0X80C2B64Ba400620D0X7Fd10C155B8F83Ac,Crossfit Inglewood,Crossfit Inglewood 8409 S 8Th Ave Inglewood Ca 90305,Sin Dato,33.9623232,-118.3268309,Gym,8
0X80C2B64Ba400620D0X7Fd10C155B8F83Ac,Crossfit Inglewood,Crossfit Inglewood 8409 S 8Th Ave Inglewood Ca 90305,Sin Dato,33.9623232,-118.3268309,Gym,8
0X8085850Ffc2295E90X6Fd064E25424D99C,Crossfit Sausalito,Crossfit Sausalito 3001 Bridgeway Sausalito Ca 94965,Sin Dato,37.8696016,-122.5038101,Gym,3
0X8085850Ffc2295E90X6Fd064E25424D99C,Crossfit Sausalito,Crossfit Sausalito 3001 Bridgeway Sausalito Ca 94965,Sin Dato,37.8696016,-122.5038101,Gym,3
0X80Ece9C66929102D0X6E516D92B8954186,Fit Republic,Fit Republic 8665 El Camino Real Atascadero Ca 93422,Sin Dato,35.4728737,-120.6527786,Gym,108
0X80Ece9C66929102D0X6E516D92B8954186,Fit Republic,Fit Republic 8665 El Camino Real Atascadero Ca 93422,Sin Dato,35.4728737,-120.6527786,Gym,108
0X80Dcd691512908Bf0Xa79Bbb7Ba213Dffc,Crossfit Lumberyard,Crossfit Lumberyard 855 N Shepard St Anaheim Ca 92806,Sin Dato,33.8499733,-117.8527969,Gym,18
0X80Dcd691512908Bf0Xa79Bbb7Ba213Dffc,Crossfit Lumberyard,Crossfit Lumberyard 855 N Shepard St Anaheim Ca 92806,Sin Dato,33.8499733,-117.8527969,Gym,18
0X80C2Cbeff23B27A90Xbf52Dfffe6C09Bda,Elevate Gym,Elevate Gym 657 W Redondo Beach Blvd Gardena Ca 90247,Sin Dato,33.8934999,-118.28778,Gym,4
0X80C2Cbeff23B27A90Xbf52Dfffe6C09Bda,Elevate Gym,Elevate Gym 657 W Redondo Beach Blvd Gardena Ca 90247,Sin Dato,33.8934999,-118.28778,Gym,4
0X80C3532D370989A90X2B609Cc34438Ff86,Mtc Boxing Club,Mtc Boxing Club 950 W Mill St San Bernardino Ca 92410,Sin Dato,34.0925987,-117.3045411,Gym,6
0X80C3532D370989A90X2B609Cc34438Ff86,Mtc Boxing Club,Mtc Boxing Club 950 W Mill St San Bernardino Ca 92410,Sin Dato,34.0925987,-117.3045411,Gym,6
0X80853Eec8Bbebbfb0Xc5B02Cb1C72Fe5F8,Blue Track,Blue Track 100198101199 Randolph St Fairfield Ca 94535,Sin Dato,38.2787055,-121.9310531,Gym,8
0X80853Eec8Bbebbfb0Xc5B02Cb1C72Fe5F8,Blue Track,Blue Track 100198101199 Randolph St Fairfield Ca 94535,Sin Dato,38.2787055,-121.9310531,Gym,8
0X80C365Be7D5E333B0Xd28B657Dc3B00F0D,Legends Barbell,Legends Barbell 15321 Palmdale Rd Victorville Ca 92392,Sin Dato,34.5059283,-117.3288265,Gym,108
0X80C365Be7D5E333B0Xd28B657Dc3B00F0D,Legends Barbell,Legends Barbell 15321 Palmdale Rd Victorville Ca 92392,Sin Dato,34.5059283,-117.3288265,Gym,108
0X80C8C0Af5Fe402290X65A29B1F146Ebdce,Anytime Fitness,Anytime Fitness 8490 W Desert Inn Rd Las Vegas Nv 89117,Sin Dato,36.1303568,-115.2763948,Gym,45
0X80C8C0Af5Fe402290X65A29B1F146Ebdce,Anytime Fitness,Anytime Fitness 8490 W Desert Inn Rd Las Vegas Nv 89117,Sin Dato,36.1303568,-115.2763948,Gym,45
0X808F7843C79E107D0X38913011494Eafc4,Club Genentech,Club Genentech 340 Dna Way South San Francisco Ca 94080,Sin Dato,37.6558065,-122.3824697,Gym,14
0X808F7843C79E107D0X38913011494Eafc4,Club Genentech,Club Genentech 340 Dna Way South San Francisco Ca 94080,Sin Dato,37.6558065,-122.3824697,Gym,14
0X80C291Ca9E9101690X365491781D6B380E,Get Sweat Studio,Get Sweat Studio 226 N Maclay Ave San Fernando Ca 91340,Sin Dato,34.2853836,-118.4379083,Gym,34
0X80C291Ca9E9101690X365491781D6B380E,Get Sweat Studio,Get Sweat Studio 226 N Maclay Ave San Fernando Ca 91340,Sin Dato,34.2853836,-118.4379083,Gym,34
0X80D9615E005E2A890X6E3B165F47Bd4A3E,Alpine Ranch Crossfit,Alpine Ranch Crossfit 5001 Willows Rd 44 Alpine Ca 91901,Sin Dato,32.8402323,-116.708297,Gym,38
0X80D9615E005E2A890X6E3B165F47Bd4A3E,Alpine Ranch Crossfit,Alpine Ranch Crossfit 5001 Willows Rd 44 Alpine Ca 91901,Sin Dato,32.8402323,-116.708297,Gym,38
0X808438Cd40C926050Xe75De0420B5F4D15,Anytime Fitness,Anytime Fitness 620 Larkfield Center Santa Rosa Ca 95403,Outpost In A Chain Of Compact 24Hour Gyms With Modern Equipment Plus Personal  Group Training,38.502252,-122.7516123,Gym,18
0X808438Cd40C926050Xe75De0420B5F4D15,Anytime Fitness,Anytime Fitness 620 Larkfield Center Santa Rosa Ca 95403,Outpost In A Chain Of Compact 24Hour Gyms With Modern Equipment Plus Personal  Group Training,38.502252,-122.7516123,Gym,18
0X809Adb0Bff7500710X8B172311Ff94609D,Hyperthrive Athletics,Hyperthrive Athletics 6670 Elvas Ave Sacramento Ca 95819,Sin Dato,38.5542719,-121.4256863,Gym,6
0X809Adb0Bff7500710X8B172311Ff94609D,Hyperthrive Athletics,Hyperthrive Athletics 6670 Elvas Ave Sacramento Ca 95819,Sin Dato,38.5542719,-121.4256863,Gym,6
0X808Fc9A3719492050X190D4A8D8Db0F3E0,Intel Gym,Intel Gym 2348 Mission College Blvd Santa Clara Ca 95054,Sin Dato,37.3885045,-121.9661862,Gym,8
0X808Fc9A3719492050X190D4A8D8Db0F3E0,Intel Gym,Intel Gym 2348 Mission College Blvd Santa Clara Ca 95054,Sin Dato,37.3885045,-121.9661862,Gym,8
0X809B53400F69Ff330X5Cead52793Ba727B,Ironborn Strength,Ironborn Strength 511 Second St Ste D Yuba City Ca 95991,Sin Dato,39.1367789,-121.6063363,Gym,36
0X809B53400F69Ff330X5Cead52793Ba727B,Ironborn Strength,Ironborn Strength 511 Second St Ste D Yuba City Ca 95991,Sin Dato,39.1367789,-121.6063363,Gym,36
0X80Dd2Abb2E9D3E2B0X18331D7Cffd165B6,Nxtlvl Sport  Fitness,Nxtlvl Sport  Fitness 811 E Lambert Rd La Habra Ca 90631,Membershiponly Facility Featuring Athleticstyle Training Including Crossfit  Bootcamp Classes,33.9248636,-117.9369315,Gym,18
0X80Dd2Abb2E9D3E2B0X18331D7Cffd165B6,Nxtlvl Sport  Fitness,Nxtlvl Sport  Fitness 811 E Lambert Rd La Habra Ca 90631,Membershiponly Facility Featuring Athleticstyle Training Including Crossfit  Bootcamp Classes,33.9248636,-117.9369315,Gym,18
0X80Ec3D45599F0C130X36D137F7Aa98D2Dc,Fitness Annex,Fitness Annex 9005 Washington Ave Vandenberg Afb Ca 93437,Sin Dato,34.7315964,-120.5404612,Gym,14
0X80Ec3D45599F0C130X36D137F7Aa98D2Dc,Fitness Annex,Fitness Annex 9005 Washington Ave Vandenberg Afb Ca 93437,Sin Dato,34.7315964,-120.5404612,Gym,14
0X80C2Bf290671Af050X21D55F44831978Ed,Spin Gal Fitness,Spin Gal Fitness 639 N La Peer Dr West Hollywood Ca 90069,Sin Dato,34.0819184,-118.3866299,Gym,56
0X80C2Bf290671Af050X21D55F44831978Ed,Spin Gal Fitness,Spin Gal Fitness 639 N La Peer Dr West Hollywood Ca 90069,Sin Dato,34.0819184,-118.3866299,Gym,56
0X80C2C623225Afbf10X794466258C51718A,The Rec Center Crossfit,The Rec Center Crossfit 588 Mateo St Los Angeles Ca 90013,Sin Dato,34.0388198,-118.2324549,Gym,18
0X80C2C623225Afbf10X794466258C51718A,The Rec Center Crossfit,The Rec Center Crossfit 588 Mateo St Los Angeles Ca 90013,Sin Dato,34.0388198,-118.2324549,Gym,18
0X80Dd2B661344A20B0X8E159F5De53B8E66,Ufc Gym La Mirada,Ufc Gym La Mirada 14920 La Mirada Blvd La Mirada Ca 90638,Sin Dato,33.8961917,-118.0080861,Gym,118
0X80Dd2B661344A20B0X8E159F5De53B8E66,Ufc Gym La Mirada,Ufc Gym La Mirada 14920 La Mirada Blvd La Mirada Ca 90638,Sin Dato,33.8961917,-118.0080861,Gym,118
0X809468Bea60C0E8F0X4Ada94Cbfb379291,Urban Block Fresno,Urban Block Fresno 4025 W Figarden Dr 107 Fresno Ca 93722,Sin Dato,36.8290852,-119.8633683,Gym,8
0X809468Bea60C0E8F0X4Ada94Cbfb379291,Urban Block Fresno,Urban Block Fresno 4025 W Figarden Dr 107 Fresno Ca 93722,Sin Dato,36.8290852,-119.8633683,Gym,8
0X80C3B5594034D0750X8D09801C52C562E7,Edwards Afb Fitness Center,Edwards Afb Fitness Center Airmans Way Edwards Afb Ca 93524,Sin Dato,34.9235066,-117.9093373,Gym,45
0X80C3B5594034D0750X8D09801C52C562E7,Edwards Afb Fitness Center,Edwards Afb Fitness Center Airmans Way Edwards Afb Ca 93524,Sin Dato,34.9235066,-117.9093373,Gym,45
0X808F7E1E08Ba03F90Xb751E3A6Be58Cfe3,Flagship  Upper Market,Flagship  Upper Market 160 Church St San Francisco Ca 94114,Sin Dato,37.7683899,-122.4292307,Gym,28
0X808F7E1E08Ba03F90Xb751E3A6Be58Cfe3,Flagship  Upper Market,Flagship  Upper Market 160 Church St San Francisco Ca 94114,Sin Dato,37.7683899,-122.4292307,Gym,28
0X8094675C70002Bc70X1856E50F01Fc146,Fresno City College Gymnasium,Fresno City College Gymnasium N College Ave Fresno Ca 93704,Sin Dato,36.7691075,-119.7970628,Gym,28
0X8094675C70002Bc70X1856E50F01Fc146,Fresno City College Gymnasium,Fresno City College Gymnasium N College Ave Fresno Ca 93704,Sin Dato,36.7691075,-119.7970628,Gym,28
0X80E829095069C9C50X974B3396170E6237,Rancho Tapo Community Park Outdoor Gym,Rancho Tapo Community Park Outdoor Gym Simi Valley Ca 93063,Sin Dato,34.2898101,-118.7238616,Gym,4
0X80E829095069C9C50X974B3396170E6237,Rancho Tapo Community Park Outdoor Gym,Rancho Tapo Community Park Outdoor Gym Simi Valley Ca 93063,Sin Dato,34.2898101,-118.7238616,Gym,4
0X80998D3136A6454B0Xc679E6Cb334B9B50,Altitude Training Center,Altitude Training Center 3008 Us50 South Lake Tahoe Ca 96150,Sin Dato,38.855475,-120.0143373,Gym,8
0X80998D3136A6454B0Xc679E6Cb334B9B50,Altitude Training Center,Altitude Training Center 3008 Us50 South Lake Tahoe Ca 96150,Sin Dato,38.855475,-120.0143373,Gym,8
0X808F7E3C2Ac16Cf90X9F48C2A6E9Cdd4B4,Live Fit Gym  Mission,Live Fit Gym  Mission 675 Valencia St San Francisco Ca 94110,Sin Dato,37.7620408,-122.4214354,Gym,18
0X808F7E3C2Ac16Cf90X9F48C2A6E9Cdd4B4,Live Fit Gym  Mission,Live Fit Gym  Mission 675 Valencia St San Francisco Ca 94110,Sin Dato,37.7620408,-122.4214354,Gym,18
0X80Dac54C4D50D6C90X69B3F44C933C0Daf,The Bell Center,The Bell Center 6156 Copper Mountain Rd Joshua Tree Ca 92252,Sin Dato,34.1409644,-116.2167596,Gym,28
0X80Dac54C4D50D6C90X69B3F44C933C0Daf,The Bell Center,The Bell Center 6156 Copper Mountain Rd Joshua Tree Ca 92252,Sin Dato,34.1409644,-116.2167596,Gym,28
0X80960C32A822F5Ef0X295Eb98Ac34C44Aa,Mammoth Strength Gym,Mammoth Strength Gym 1404 Tavern Rd C8 Mammoth Lakes Ca 93546,Sin Dato,37.645269,-118.964543,Gym,8
0X80960C32A822F5Ef0X295Eb98Ac34C44Aa,Mammoth Strength Gym,Mammoth Strength Gym 1404 Tavern Rd C8 Mammoth Lakes Ca 93546,Sin Dato,37.645269,-118.964543,Gym,8
0X80E84E6Cf00C3C8F0X1Af435Efc3B2Da12,Bsf Fitness Center,Bsf Fitness Center 4580 Market St Building 2A Ventura Ca 93003,Sin Dato,34.256948,-119.230669,Gym,48
0X80E84E6Cf00C3C8F0X1Af435Efc3B2Da12,Bsf Fitness Center,Bsf Fitness Center 4580 Market St Building 2A Ventura Ca 93003,Sin Dato,34.256948,-119.230669,Gym,48
0X80C2Dc70E700Eb3D0X64Bee00D69Caaf1C,Sierra Fitness Pilates,Sierra Fitness Pilates 51 E Montecito Ave Sierra Madre Ca 91024,Sin Dato,34.1634454,-118.0514885,Gym,3
0X80C2Dc70E700Eb3D0X64Bee00D69Caaf1C,Sierra Fitness Pilates,Sierra Fitness Pilates 51 E Montecito Ave Sierra Madre Ca 91024,Sin Dato,34.1634454,-118.0514885,Gym,3
0X80C28E297A4Be79B0Xead0Bba56C17Ca49,Usa Fitness  Sylmar Club 180,Usa Fitness  Sylmar Club 180 13784 Foothill Blvd Sylmar Ca 91342,Sin Dato,34.3088894,-118.4345651,Gym,75
0X80C28E297A4Be79B0Xead0Bba56C17Ca49,Usa Fitness  Sylmar Club 180,Usa Fitness  Sylmar Club 180 13784 Foothill Blvd Sylmar Ca 91342,Sin Dato,34.3088894,-118.4345651,Gym,75
0X80Ce23Afcbc8C5B70X967733934013F82B,Fort Mojave Wellness Center,Fort Mojave Wellness Center 10400 Dunes Rd Mohave Valley Az 86440,Sin Dato,34.8532603,-114.5928492,Gym,8
0X80Ce23Afcbc8C5B70X967733934013F82B,Fort Mojave Wellness Center,Fort Mojave Wellness Center 10400 Dunes Rd Mohave Valley Az 86440,Sin Dato,34.8532603,-114.5928492,Gym,8
0X80Daf851Ff2E82290X7A36Ed0Bc3B1B01D,Kims Martial Arts Studio,Kims Martial Arts Studio 43990 Golf Center Pkwy A5 Indio Ca 92203,Sin Dato,33.7298333,-116.1991287,Gym,18
0X80Daf851Ff2E82290X7A36Ed0Bc3B1B01D,Kims Martial Arts Studio,Kims Martial Arts Studio 43990 Golf Center Pkwy A5 Indio Ca 92203,Sin Dato,33.7298333,-116.1991287,Gym,18
0X80E82Ec663Bfffff0X5A7B4B3058Ffb0Da,Elevate Fitness Simi Valley,Elevate Fitness Simi Valley 2215 First St 101 Simi Valley Ca 93065,Sin Dato,34.2755172,-118.7807399,Gym,38
0X80E82Ec663Bfffff0X5A7B4B3058Ffb0Da,Elevate Fitness Simi Valley,Elevate Fitness Simi Valley 2215 First St 101 Simi Valley Ca 93065,Sin Dato,34.2755172,-118.7807399,Gym,38
0X80Dd2B5Ce4673A310X7B0Cb787Df45Bca1,La Mirada Community Gymnasium,La Mirada Community Gymnasium 15105 Alicante Rd La Mirada Ca 90638,Sin Dato,33.9033238,-118.0088951,Gym,26
0X80Dd2B5Ce4673A310X7B0Cb787Df45Bca1,La Mirada Community Gymnasium,La Mirada Community Gymnasium 15105 Alicante Rd La Mirada Ca 90638,Sin Dato,33.9033238,-118.0088951,Gym,26
0X8084D0Ee657115370Xd2958C7C11B9A76C,Nsfit Woodland Formally Fit Republic,Nsfit Woodland Formally Fit Republic 120 Main St Woodland Ca 95695,Sin Dato,38.6759361,-121.78112,Gym,98
0X8084D0Ee657115370Xd2958C7C11B9A76C,Nsfit Woodland Formally Fit Republic,Nsfit Woodland Formally Fit Republic 120 Main St Woodland Ca 95695,Sin Dato,38.6759361,-121.78112,Gym,98
0X80C29C477A171Fc10X24050C4Aa6B878Ef,Athletic Society  West Valley,Athletic Society  West Valley 22235 Sherman Way Canoga Park Ca 91303,Sin Dato,34.2019952,-118.6118043,Gym,94
0X80C29C477A171Fc10X24050C4Aa6B878Ef,Athletic Society  West Valley,Athletic Society  West Valley 22235 Sherman Way Canoga Park Ca 91303,Sin Dato,34.2019952,-118.6118043,Gym,94
0X80942Ea6C9C763330X6Fa99E0D416Db61D,Browns Ditchflume Trail Trailhead,Browns Ditchflume Trail Trailhead Browns Ditch Rd Bass Lake Ca 93604,Sin Dato,37.2872954,-119.5150315,Gym,7
0X80942Ea6C9C763330X6Fa99E0D416Db61D,Browns Ditchflume Trail Trailhead,Browns Ditchflume Trail Trailhead Browns Ditch Rd Bass Lake Ca 93604,Sin Dato,37.2872954,-119.5150315,Gym,7
0X80C8C66B7B03F25F0X4B4E05F3F5683A52,Iron Addicts Gym  Las Vegas,Iron Addicts Gym  Las Vegas 5166 W Patrick Ln 110 Las Vegas Nv 89118,Sin Dato,36.0804901,-115.2117383,Gym,27
0X80C8C66B7B03F25F0X4B4E05F3F5683A52,Iron Addicts Gym  Las Vegas,Iron Addicts Gym  Las Vegas 5166 W Patrick Ln 110 Las Vegas Nv 89118,Sin Dato,36.0804901,-115.2117383,Gym,27
0X80858739Ed9A233B0X4768351C98Ad18D7,Live Fit Gym  Inner Richmond,Live Fit Gym  Inner Richmond 403 Arguello Blvd San Francisco Ca 94118,Sin Dato,37.78297,-122.4592597,Gym,38
0X80858739Ed9A233B0X4768351C98Ad18D7,Live Fit Gym  Inner Richmond,Live Fit Gym  Inner Richmond 403 Arguello Blvd San Francisco Ca 94118,Sin Dato,37.78297,-122.4592597,Gym,38
0X809B1Efb3Af6199D0X13Bd3Fa870Ab8D52,Sierra College Gymnasiumlocker Rooms,Sierra College Gymnasiumlocker Rooms 5000 Rocklin Rd Rocklin Ca 95677,Sin Dato,38.7919978,-121.2090521,Gym,8
0X809B1Efb3Af6199D0X13Bd3Fa870Ab8D52,Sierra College Gymnasiumlocker Rooms,Sierra College Gymnasiumlocker Rooms 5000 Rocklin Rd Rocklin Ca 95677,Sin Dato,38.7919978,-121.2090521,Gym,8
0X80Dcee206Fa9B8Df0Xe7719Ffc0Ccff177,Red Park Capo Villas 1,Red Park Capo Villas 1 Avenida De La Vista San Juan Capistrano Ca 92675,Sin Dato,33.509826,-117.668999,Gym,5
0X80Dcee206Fa9B8Df0Xe7719Ffc0Ccff177,Red Park Capo Villas 1,Red Park Capo Villas 1 Avenida De La Vista San Juan Capistrano Ca 92675,Sin Dato,33.509826,-117.668999,Gym,5